{
  "totalRows": 189,
  "entities": [
    {
      "lastActivityDate": "2022-07-12T02:37:15Z",
      "id": 1117739,
      "authorEmailAddress": "vanessa.mendoza@adp.com",
      "authorDisplayName": "Vanessa Mendoza",
      "authorUpn": "mendozav@ES.AD.ADP.COM",
      "siteId": 438571,
      "title": "Make iReports Client Error Report easier for clients to find",
      "url": "https://adpworks.adp.com/redir/1117739",
      "datePublished": "2022-07-11T15:38:55Z",
      "content": null,
      "tags": null,
      "categories": null,
      "topics": ["NAS HCM", "NAS HR/Payroll", "Voice of NAS"],
      "stage": "Active",
      "voteCount": 0,
      "socialCommentCount": 0,
      "score": 0,
      "views": 6,
      "type": "idea",
      "legacyId": null
    },
    {
      "lastActivityDate": "2022-07-12T02:34:20Z",
      "id": 1114977,
      "authorEmailAddress": "ashley.ayers@adp.com",
      "authorDisplayName": "Ashley Ayers",
      "authorUpn": "ayersad@ES.AD.ADP.COM",
      "siteId": 438571,
      "title": "DCFSA to be option plus dependent and allow elderly parents as dependents",
      "url": "https://adpworks.adp.com/redir/1114977",
      "datePublished": "2022-06-30T20:05:22Z",
      "content": "<p>Allow DCFSA to be option plus dependent benefit area and allow additional dependent types to support entering elderly parents into HWSE so that employees can select which dependents this benefit area is covering. This could allow employers to verify who is utilizing this benefit and help identify who to provide an employer contribution to for DCFSA.</p>",
      "tags": null,
      "categories": null,
      "topics": ["Voice of NAS", "NAS Benefits Administration"],
      "stage": "Active",
      "voteCount": 6,
      "socialCommentCount": 0,
      "score": 6,
      "views": 14,
      "type": "idea",
      "legacyId": null
    },
    {
      "lastActivityDate": "2022-07-12T02:29:32Z",
      "id": 1114758,
      "authorEmailAddress": "sandeep.swain@adp.com",
      "authorDisplayName": "Sandeep Swain",
      "authorUpn": "swains1@ES.AD.ADP.COM",
      "siteId": 438571,
      "title": "Leveraging Blockchain technology in Lifion HCM",
      "url": "https://adpworks.adp.com/redir/1114758",
      "datePublished": "2022-06-30T09:32:29Z",
      "content": "<p>HCM and Blockchain Technology :</p>\n<p>As blockchain is a decentralized  database which keeps records of the who owns which record .<br>I am trying to think of ideas in which domains we can leverage this technology .</p>",
      "tags": null,
      "categories": null,
      "topics": [
        "HCM",
        "NAS HCM",
        "OneADP Innovation",
        "Lifion",
        "Voice of NAS",
        "NAS HR/Payroll"
      ],
      "stage": "Active",
      "voteCount": 0,
      "socialCommentCount": 0,
      "score": 0,
      "views": 7,
      "type": "idea",
      "legacyId": null
    },
    {
      "lastActivityDate": "2022-07-12T00:07:20Z",
      "id": 1113964,
      "authorEmailAddress": "sandi.quiles@adp.com",
      "authorDisplayName": "Sandi Quiles",
      "authorUpn": "QuilesS@ES.AD.ADP.COM",
      "siteId": 438571,
      "title": "Expanded Use of Locals Fields",
      "url": "https://adpworks.adp.com/redir/1113964",
      "datePublished": "2022-06-28T00:26:15Z",
      "content": "<p>Our clients have issues with EEs who live in Indiana but work in Kentucky.  Some of the KY jurisidictions require both a city and a county local and then Indiana requires a county local - thus there is a need to code an EE with a 3rd local.  There is the CNTY routine, but it doesn't work for one of my clients and the workaround we have come up with is very complicated and tedious for both the client and ADP.  Another client also just asked about expanding the locals 9 or 10 to be able to use for their KY/IN coding.</p>\n<p>Example - an employee works at an office located in Jeffersontown, KY and lives in Indiana.  They are required to pay taxes to the following:</p>\n<p>  Local code 1861 (Jefferson County, KY NR)</p>\n<p>  Local code 1811 (Jeffersontown, KY)</p>\n<p>  Local code 2071 (Clark County, IN R) </p>\n<p>Request = Open up Locals 9 or 10 to KY and/or IN locals - or create a new Local (6, 7, 8, or 11, etc.) to be used for KY and/or IN locals.</p>",
      "tags": null,
      "categories": null,
      "topics": ["Payroll Engine (Autopay)", "Voice of NAS"],
      "stage": "Active",
      "voteCount": 18,
      "socialCommentCount": 0,
      "score": 18,
      "views": 35,
      "type": "idea",
      "legacyId": null
    },
    {
      "lastActivityDate": "2022-07-11T23:56:48Z",
      "id": 1113608,
      "authorEmailAddress": "christine.see@adp.com",
      "authorDisplayName": "Christine See",
      "authorUpn": "SeeC@ES.AD.ADP.com",
      "siteId": 438571,
      "title": "Drop Dependent Coverage Rules",
      "url": "https://adpworks.adp.com/redir/1113608",
      "datePublished": "2022-06-27T20:17:55Z",
      "content": "<p>Different carriers may have different drop dependent coverage rules; such as First of the month following the birthday, First of the year following the birthday, etc.  Since the rule to drop the dependent's coverage is configured in CC at the benefit area level, these scenarios need to be configured in classic.  Please consider moving the drop dependent coverage rules to the option level (same as the age out) so the different carrier requirements can be configured in CC.  For example, Kaiser's dependent drop coverage rule is the First of Year following birthday while the other carrier's rules are the First of the month following or coincident with the birthday.</p>",
      "tags": null,
      "categories": null,
      "topics": ["Benefits", "Voice of NAS", "NAS Benefits Administration"],
      "stage": "Active",
      "voteCount": 6,
      "socialCommentCount": 0,
      "score": 6,
      "views": 13,
      "type": "idea",
      "legacyId": null
    },
    {
      "lastActivityDate": "2022-07-11T23:55:36Z",
      "id": 1113586,
      "authorEmailAddress": "danielle.kahrs@adp.com",
      "authorDisplayName": "Danielle Kahrs",
      "authorUpn": "kahrsd@ES.AD.ADP.COM",
      "siteId": 438571,
      "title": "MyADP election summary - Annualize FSA/HSA price exceeds annual goal",
      "url": "https://adpworks.adp.com/redir/1113586",
      "datePublished": "2022-06-27T19:34:05Z",
      "content": "<p>Issue found on BUNGE mid year new hires who elect LPFSA/HSA/HCFSA.  Example is ee who elects IRS max contribution amount for LPFSA and HSA with 20 pay periods left. If you select the PER YEAR price to be displayed for each benefit the amount for HSA shows as 4725 which is greater than the annual goal of 3650(see screenshot). This is caused because HWSE is calculating an annualized price based on 20 of 26 pay periods remaining in the year. This also makes it look like she is contributing more than the IRS limit. The client would expect that the annual price does not exceed the annual goal amount. HWSE may need to store the annualized price differently or come up with a new field that MyADP can read.</p>",
      "tags": null,
      "categories": null,
      "topics": ["Benefits", "NAS Benefits Administration", "Voice of NAS"],
      "stage": "Active",
      "voteCount": 0,
      "socialCommentCount": 0,
      "score": 0,
      "views": 1,
      "type": "idea",
      "legacyId": null
    },
    {
      "lastActivityDate": "2022-07-11T23:49:28Z",
      "id": 1113540,
      "authorEmailAddress": "danielle.kahrs@adp.com",
      "authorDisplayName": "Danielle Kahrs",
      "authorUpn": "kahrsd@ES.AD.ADP.COM",
      "siteId": 438571,
      "title": "Ben018 - Future dated new hires/acquisitions",
      "url": "https://adpworks.adp.com/redir/1113540",
      "datePublished": "2022-06-27T18:27:06Z",
      "content": "<p>We set up the per hire logic for Centric so their new hires could load early. We found an issue with the one of the fields that drives eligibility of basic STD not feeding over until after the employees hire causing a different effective date for their BSTD (batch). HR User Field 2 is filled out and the effective date matchs the hire date/acq date. It does not feed over until that date passes which is an issue as the rest of the record feeds over current dated so the STD is wrong until that future date passes.<br>We reviewed with the enterprise team and were told the data on the HR USER DATA table is effective dated and will hold until the effdt of the Hire or Rehire is met.<br>Data on the foundation tables is being passed due to the setting on the Winflex setup however HR User Data is not considered a foundation table and therefore follows the Effective dating rules.</p>",
      "tags": null,
      "categories": null,
      "topics": ["Voice of NAS", "NAS Benefits Administration", "Benefits"],
      "stage": "Active",
      "voteCount": 0,
      "socialCommentCount": 0,
      "score": 0,
      "views": 3,
      "type": "idea",
      "legacyId": null
    },
    {
      "lastActivityDate": "2022-06-27T22:46:57Z",
      "id": 1113479,
      "authorEmailAddress": "kelly.buckley@adp.com",
      "authorDisplayName": "Kelly Buckley",
      "authorUpn": "buckleyk@ES.AD.ADP.COM",
      "siteId": 438571,
      "title": "Config Control Opportunity to Enroll",
      "url": "https://adpworks.adp.com/redir/1113479",
      "datePublished": "2022-06-27T16:47:25Z",
      "content": "<p>Configuration Control currently does not have the ability to handle multiple O2E window open dates. I have a client that needs the New Hire O2E to open as of the date the event is created not the date of hire. This is currently not supported in Configuration Control. It would be great if the functionality could be added in a future enhancement. Per the classic rules committee, this request has had increased popularity and can only be controlled in classic at this time.</p>",
      "tags": null,
      "categories": null,
      "topics": ["Voice of NAS", "NAS Benefits Administration"],
      "stage": "Active",
      "voteCount": 0,
      "socialCommentCount": 0,
      "score": 0,
      "views": 3,
      "type": "idea",
      "legacyId": null
    },
    {
      "lastActivityDate": "2022-06-27T22:22:00Z",
      "id": 1113184,
      "authorEmailAddress": "vanessa.mendoza@adp.com",
      "authorDisplayName": "Vanessa Mendoza",
      "authorUpn": "mendozav@ES.AD.ADP.COM",
      "siteId": 438571,
      "title": "Search by File# in iReports",
      "url": "https://adpworks.adp.com/redir/1113184",
      "datePublished": "2022-06-24T22:55:36Z",
      "content": "<p>Please enhance iReports so that file# is available as a Search filter for clients. </p>",
      "tags": null,
      "categories": null,
      "topics": [
        "NAS HCM",
        "NAS Client ＆ Innovation",
        "NAS HR/Payroll",
        "Voice of NAS"
      ],
      "stage": "Active",
      "voteCount": 0,
      "socialCommentCount": 0,
      "score": 0,
      "views": 2,
      "type": "idea",
      "legacyId": null
    },
    {
      "lastActivityDate": "2022-06-27T22:19:22Z",
      "id": 1110009,
      "authorEmailAddress": "morgan.kirlis@adp.com",
      "authorDisplayName": "Morgan Kirlis",
      "authorUpn": "deckerm0@ES.AD.ADP.com",
      "siteId": 438571,
      "title": "EEO Establishment in the new hire template",
      "url": "https://adpworks.adp.com/redir/1110009",
      "datePublished": "2022-06-13T20:55:47Z",
      "content": "<p>Can we please add the field EEO Establishment<strong> </strong>in the new hire template now that this is a required field for all of ALEX's EEs? This prevents missing data, as some ALEX's forget to go back and add this information after completing the new hire. </p>",
      "tags": null,
      "categories": null,
      "topics": [
        "Payroll ＆ Implementation",
        "NAS HR/Payroll",
        "NAS Implementation",
        "Voice of NAS"
      ],
      "stage": "Active",
      "voteCount": 2,
      "socialCommentCount": 0,
      "score": 2,
      "views": 2,
      "type": "idea",
      "legacyId": null
    },
    {
      "lastActivityDate": "2022-06-22T22:15:58Z",
      "id": 1109591,
      "authorEmailAddress": "vanessa.mendoza@adp.com",
      "authorDisplayName": "Vanessa Mendoza",
      "authorUpn": "mendozav@ES.AD.ADP.COM",
      "siteId": 438571,
      "title": "Add client-facing online form for employees \"unable to view pay statements online\"",
      "url": "https://adpworks.adp.com/redir/1109591",
      "datePublished": "2022-06-10T16:38:27Z",
      "content": "<p>ADPWorks article (https://adpworks.adp.com/sites/nas-connect/nas-hr-payroll/documents/928015/troubleshooting-employee-unable-to-view-pay-or-annual-statement-online-77819) has a template for consultants to submit a child SR and resolve this issue. However, the data gathering process with clients can be tedious and involve several back and forths with clients.</p>\n<p>Please add new online form, available through NAS Support Center. This way, clients may complete all relevant information and questions required to successfully submit child case.</p>\n<p> </p>\n<p>Additional ADPWorks articles that consultants must reference in these cases, and that should be considered when creating the online form for clients, are:</p>\n<p>https://adpworks.adp.com/sites/nas-connect/nas-hr-payroll/documents/928015/troubleshooting-employee-unable-to-view-pay-or-annual-statement-online-77819</p>\n<p>https://adpworks.adp.com/sites/nas-connect/nas-hr-payroll/documents/935093/correcting-social-security-numbers-ssn-125213</p>\n<p>https://adpworks.adp.com/sites/nas-connect/nas-hr-payroll/documents/999127/social-security-number-ssn-amendments-61705</p>",
      "tags": null,
      "categories": null,
      "topics": ["NAS HR/Payroll", "Voice of NAS"],
      "stage": "Active",
      "voteCount": 0,
      "socialCommentCount": 0,
      "score": 0,
      "views": 5,
      "type": "idea",
      "legacyId": null
    },
    {
      "lastActivityDate": "2022-06-22T22:12:50Z",
      "id": 1108184,
      "authorEmailAddress": "laura.lexander@adp.com",
      "authorDisplayName": "Laura Lexander",
      "authorUpn": "lexandel@ES.AD.ADP.com",
      "siteId": 438571,
      "title": "Include Memo and Deduction codes on Multi-J Report",
      "url": "https://adpworks.adp.com/redir/1108184",
      "datePublished": "2022-06-08T23:59:06Z",
      "content": "<p>The Multi-J report will display the deferred comp deduction employees have, as well as the Health Care Value memo, but that's it.</p>\n<p>It was be extremely helpful if this report could display all the associated deductions and memo codes here.</p>\n<p>Here is a very clear example of when it would be helpful. Some clients have more than one deduction code for cafe plans, such as Medical.</p>\n<p>Without this detail, clients and associates must look elsewhere to validate which element the amount belongs to. </p>",
      "tags": null,
      "categories": null,
      "topics": ["Voice of NAS", "NAS HR/Payroll"],
      "stage": "Active",
      "voteCount": 46,
      "socialCommentCount": 7,
      "score": 46,
      "views": 117,
      "type": "idea",
      "legacyId": null
    },
    {
      "lastActivityDate": "2022-06-27T16:49:21Z",
      "id": 1108126,
      "authorEmailAddress": "jessical.lopez@adp.com",
      "authorDisplayName": "Jessica.L. Lopez",
      "authorUpn": "lopezj05@ES.AD.ADP.COM",
      "siteId": 438571,
      "title": "Enhancements to Temporal Jobs",
      "url": "https://adpworks.adp.com/redir/1108126",
      "datePublished": "2022-06-08T19:55:08Z",
      "content": "<p>Allow Temporal jobs to create 2 Temporal Events when an employee's child's DOB is at the end of the month. The Temporal Event will be created for the child's DOB and first of Month to update coverage accurately. Example: dependent child's DOB is 3/30, Temporal event is created for 3/30 and 4/1. The 3/30 Temporal Event will drop child life coverage and the 4/1 Temporal Event will drop medical, dental, vision. </p>",
      "tags": null,
      "categories": null,
      "topics": ["Voice of NAS", "NAS Benefits Administration"],
      "stage": "Active",
      "voteCount": 2,
      "socialCommentCount": 0,
      "score": 2,
      "views": 10,
      "type": "idea",
      "legacyId": null
    },
    {
      "lastActivityDate": "2022-06-06T18:31:53Z",
      "id": 1106925,
      "authorEmailAddress": "alana.moss@adp.com",
      "authorDisplayName": "Alana Moss",
      "authorUpn": "MossAlan@ES.AD.ADP.com",
      "siteId": 438571,
      "title": "Add contextual references to the Employee Search tool",
      "url": "https://adpworks.adp.com/redir/1106925",
      "datePublished": "2022-06-06T11:11:16Z",
      "content": "<p>Add contextual refrences to the Employee Search tool, similar to what Windows now does (see attahed image).</p>\n<p><img src=\"https://adpworks.adp.com/media/333001/searchgraphics.png?anchor=center&amp;mode=crop&amp;rnd=132989694560000000&amp;width=477&amp;height=85\" alt=\"\" width=\"477\" height=\"85\"></p>\n<p> </p>\n<p> </p>\n<p>In the Search tool, add an icon link that enables users to view \"Who has a birthday today?\" or \"Who is celebrating an anniverisary today?\" If the user is interested in knowing what employee is celebrating an event, the user, can click that link to navigate to a list of users celebrating events on that day, and what the event is.</p>",
      "tags": null,
      "categories": null,
      "topics": ["Voice of NAS", "NAS Benefits Administration"],
      "stage": "Active",
      "voteCount": 0,
      "socialCommentCount": 1,
      "score": 0,
      "views": 3,
      "type": "idea",
      "legacyId": null
    },
    {
      "lastActivityDate": "2022-06-06T18:28:53Z",
      "id": 1106643,
      "authorEmailAddress": "jessica.hernandez@adp.com",
      "authorDisplayName": "Jessica Hernandez",
      "authorUpn": "hernanj@ES.AD.ADP.com",
      "siteId": 438571,
      "title": "Automated Call Center Stats",
      "url": "https://adpworks.adp.com/redir/1106643",
      "datePublished": "2022-06-03T00:31:12Z",
      "content": "<p>Every month HCM's have to retrieve the stats for the PSC, as this is a process that has to be done on a monthly basis (and more often during AE).  </p>\n<p>It would be great if there was a process that sent the reports straight to a client contact OR have the clients retreive the report themselves (maybe through BMH)</p>",
      "tags": null,
      "categories": null,
      "topics": ["Voice of NAS", "NAS Benefits Administration"],
      "stage": "Active",
      "voteCount": 0,
      "socialCommentCount": 0,
      "score": 0,
      "views": 2,
      "type": "idea",
      "legacyId": null
    },
    {
      "lastActivityDate": "2022-06-06T18:24:50Z",
      "id": 1106251,
      "authorEmailAddress": "shabnam.a.shaikh@adp.com",
      "authorDisplayName": "Shabnam Shaikh",
      "authorUpn": "ShaShabn@ES.AD.ADP.com",
      "siteId": 438571,
      "title": "SHIFT APP-Leave tracker",
      "url": "https://adpworks.adp.com/redir/1106251",
      "datePublished": "2022-06-02T13:38:16Z",
      "content": "<p>When I applied leave on iKare it didnot update the SHIFT app.</p>\n<p>These application should be link with each other. It should be able to track the future leaves applied on the ikare for the assocaites</p>\n<p>Can it be link with each other so once associate applies leave on iKare then it automatically update SHIFT app for seat allocation and cab roaster for the leave applied dates immediately as not required or on leave.</p>\n<p> </p>",
      "tags": null,
      "categories": null,
      "topics": ["Voice of NAS", "NAS Benefits Administration"],
      "stage": "Active",
      "voteCount": 0,
      "socialCommentCount": 0,
      "score": 0,
      "views": 4,
      "type": "idea",
      "legacyId": null
    },
    {
      "lastActivityDate": "2022-06-06T18:19:51Z",
      "id": 1106074,
      "authorEmailAddress": "stephanie.gonzalez@adp.com",
      "authorDisplayName": "Stephanie Gonzalez",
      "authorUpn": "GonzalSt@ES.AD.ADP.com",
      "siteId": 438571,
      "title": "being able to set different restrictions for the same event based on additional criteria and dynamic dates.",
      "url": "https://adpworks.adp.com/redir/1106074",
      "datePublished": "2022-06-01T19:19:03Z",
      "content": "<p><span>Can we ad functionality in CCT around the concept of being able to set different restrictions for the same event based on additional criteria and dynamic dates.  That way it can be setup in Config Control and we don't have to have custom rules for clients who have more than one AE throughout the year where they only wants certain benefit areas electable for each AE event by Pay Group</span></p>",
      "tags": null,
      "categories": null,
      "topics": ["Voice of NAS", "NAS Benefits Administration"],
      "stage": "Active",
      "voteCount": 0,
      "socialCommentCount": 0,
      "score": 0,
      "views": 4,
      "type": "idea",
      "legacyId": null
    },
    {
      "lastActivityDate": "2022-06-14T02:06:09Z",
      "id": 1105732,
      "authorEmailAddress": "leilani.longmire@adp.com",
      "authorDisplayName": "Leilani Longmire",
      "authorUpn": "vercelel@ES.AD.ADP.com",
      "siteId": 438571,
      "title": "CCT: Add \"Event Creation Date + XX Days\" Option in O2E Start Date Dropdown",
      "url": "https://adpworks.adp.com/redir/1105732",
      "datePublished": "2022-05-31T20:02:11Z",
      "content": "<p>A client is requesting to set up an O2E in the Configuration Control Tool to open the day the event creates for a future date. For example, ACA file load takes place on 5/25/22, with a 7/1 YES flag that opens a 7/1 ACA Gain of Eligibility Event with the O2E of 5/25/22 - 6/24/22 vs. 6/1/22 - 6/30/22 (current O2E set up). This will allow their ACA employee population to enroll as soon as comms is sent and will solve their core business problem. </p>",
      "tags": null,
      "categories": null,
      "topics": [
        "Benefits",
        "Vantage",
        "NAS Config Control",
        "Voice of NAS",
        "NAS HCM",
        "NAS Benefits Administration"
      ],
      "stage": "Active",
      "voteCount": 0,
      "socialCommentCount": 1,
      "score": 0,
      "views": 7,
      "type": "idea",
      "legacyId": null
    },
    {
      "lastActivityDate": "2022-06-01T19:12:32Z",
      "id": 1105187,
      "authorEmailAddress": "jessica.hernandez@adp.com",
      "authorDisplayName": "Jessica Hernandez",
      "authorUpn": "hernanj@ES.AD.ADP.com",
      "siteId": 438571,
      "title": "Beneficiaries to be printed out with timestamp of when employee enter the change.",
      "url": "https://adpworks.adp.com/redir/1105187",
      "datePublished": "2022-05-26T23:52:16Z",
      "content": "<p>Currently Clients need to change the filter dates to see what beneficiaries have been added.</p>\n<p>This is problematic for the client as I had one client today say there are two ex's fighting over the death benefit. The client told the vendor no one was on file.</p>\n<p>I explained they had to go back and change the filter on the page to see the beneficiary. </p>",
      "tags": null,
      "categories": null,
      "topics": ["Voice of NAS", "NAS Benefits Administration"],
      "stage": "Active",
      "voteCount": 2,
      "socialCommentCount": 0,
      "score": 2,
      "views": 3,
      "type": "idea",
      "legacyId": null
    },
    {
      "lastActivityDate": "2022-05-31T18:12:43Z",
      "id": 1104524,
      "authorEmailAddress": "mariana.johnson@adp.com",
      "authorDisplayName": "Mariana Johnson",
      "authorUpn": "johnsm08@ES.AD.ADP.COM",
      "siteId": 438571,
      "title": "Updated Total Reward Statements",
      "url": "https://adpworks.adp.com/redir/1104524",
      "datePublished": "2022-05-25T14:27:28Z",
      "content": "<p>Hi, please direct this to the appropriate department, if this is listed in the incorrec BU.</p>\n<p>Currently, under the <strong>Associate Portal&gt; About Me&gt;Pay&gt; Total Rewards Statement </strong>the total rewards statement shows outdated data. For example, under additional earnings it shows items from September 2019 and September 2020. Would we be able to update the portal's data and so that associates can have an accurate snapshot of their current total rewards, and if we want to expand on it, the ability to see their total rewards by year?</p>\n<p><img src=\"https://adpworks.adp.com/media/331948/total-rewards-details_5-25-2022.png?anchor=center&amp;mode=crop&amp;rnd=132979439770000000&amp;width=724&amp;height=340\" alt=\"Outdated Total Rewards Statement\" width=\"724\" height=\"340\"></p>",
      "tags": null,
      "categories": null,
      "topics": [
        "Benefits",
        "Health ＆ Benefit",
        "NAS HR/Payroll",
        "Payroll",
        "Voice of NAS"
      ],
      "stage": "Active",
      "voteCount": 0,
      "socialCommentCount": 0,
      "score": 0,
      "views": 11,
      "type": "idea",
      "legacyId": null
    },
    {
      "lastActivityDate": "2022-05-23T18:20:18Z",
      "id": 1103723,
      "authorEmailAddress": "imran.khan2@adp.com",
      "authorDisplayName": "Imran Khan",
      "authorUpn": "Khanimra@ES.AD.ADP.com",
      "siteId": 438571,
      "title": "Digital Void Processing - Make it effortless !!",
      "url": "https://adpworks.adp.com/redir/1103723",
      "datePublished": "2022-05-20T19:25:18Z",
      "content": "<p><strong>The current process of submitting void request.</strong></p>\n<p> </p>\n<p><strong>Manual Check</strong> – If client places stop pay for manual check in the banking system. They submit void request for the check by submitting form.</p>\n<p> </p>\n<p><strong>Live Check / DD Stop Pay</strong> – If client wants to place stop pay for live checks/DD then they process through Smart compliance or by submitting form. DD stop pay is confirmed in 5 business working days if it is successful or rejected. If re-issue required, It is processed in OCP by banking team or client.</p>\n<p> </p>\n<p>The SR gets generated once form is submitted. The banking team process current QTR void request and notify the client. If it is a prior QTR void request, SR routed to the MPS team to process PQAA.</p>\n<p> </p>\n<p><strong>Digital Void Processing Platform</strong></p>\n<p> </p>\n<p>As we are moving with digital transformation platforms like PCP, OCP, FIS and PQAA. We need to have such platform to process void entries in the system.</p>\n<p> </p>\n<p>Void processing platform enables the client to select check and submit void request.</p>\n<ul>\n<li>There should be a box If void is required or not. If void is required, then only void batches should be created.</li>\n<li>Once DD stop pay submitted through Smart compliance. It takes 5 business working days.  An automated notification should be sent to the client once it is confirmed or rejected from banking system or rejection reason can be updated in the DD status in the platform. Re-issue can be processed by the client using OCP platform If needed</li>\n<li>MPS team should have access to update Quarter closer status in the system.</li>\n<li>The platform should determine If it is current/Prior QTR void request by checking pay date/QTR Closer status.</li>\n<li>If void request needed for the current QTR. The client should be able to process void submission request using platform and void batches can be created automatically in the payroll system. Example – Client process manual check using OCP platform. Once the OCP request submitted then status shows as distribution pending status. Manual check batches are automatically created in the system at 3 PM and 5 PM EST and status gets changed to approval.</li>\n<li>If void request needed for the prior QTR. The client should be able to process void submission request using platform. Once system recognize with the pay date/QTR closer status, SR can be generated, and an automated notification should be sent to the payroll team. MPS will process prior QTR adjustments to update void entries. Payroll team will access the void request on the platform and mark it as complete. The client will also have accessibility to check void request status.</li>\n<li>System should also have capability to recognize system free-out time to avoid posting void batches on payroll days.</li>\n</ul>\n<p> </p>\n<p><strong>Status options</strong></p>\n<ul>\n<li>Manual/ Live Check void request – Processing, Pending and complete</li>\n<li>DD Stop Pay – Processing, DD status Confirmed/ Rejected, Pending and Complete</li>\n</ul>\n<p>Pending – System should show the status as pending due to freeze- out time on payroll processing days</p>\n<p>DD Status Rejected – The status should also let the client know the reason for rejection.</p>\n<p> </p>\n<p><strong>Outcome –</strong></p>\n<p>Cost savings</p>\n<p>Reduction in SR Counts</p>\n<p>Real time update and Reduction in TAT</p>\n<p>Simplify</p>\n<p>Innovate</p>\n<p>Grow</p>\n<p>Reduce manual work</p>\n<p>Improve the associate and/or client experiences</p>\n<p> </p>",
      "tags": null,
      "categories": null,
      "topics": [
        "National Accounts (NAS)",
        "Voice of NAS",
        "ModernizeNASIndia"
      ],
      "stage": "Active",
      "voteCount": 6,
      "socialCommentCount": 0,
      "score": 6,
      "views": 30,
      "type": "idea",
      "legacyId": null
    },
    {
      "lastActivityDate": "2022-05-31T19:45:23Z",
      "id": 1103521,
      "authorEmailAddress": "jeremy.lakose@adp.com",
      "authorDisplayName": "Jeremy Lakose",
      "authorUpn": "lakosej@ES.AD.ADP.com",
      "siteId": 438571,
      "title": "Benefits Email reminders for open event",
      "url": "https://adpworks.adp.com/redir/1103521",
      "datePublished": "2022-05-19T20:16:39Z",
      "content": "<p>Currently, there is only one email communication that can go out to employees to alert them of a possible oppurtunity to enroll in benefits. Its pretty common that a new hire has many other things to do and it seems quite regularly that they miss their enrollment deadlines. <br><br>I have had several clients ask me for which mechanism in Vantage will allow us to send a follow up reminder to employees as they reach the end of their Open to Enroll period. While we do send the initial, there is no additional communciation that can be sent out that isnt a direct manual process. I have even guided some clients to FTP reports to their own servers using ADPR reports and use an in house setup to send emails. <br><br>Is it possible to setup a SAP job or even a nightly Vantage process to trigger reminder emails with a configurable amount of time and message to the employees that isnt a manual process, the same way we fire initial notifications?</p>",
      "tags": null,
      "categories": null,
      "topics": [
        "Vantage",
        "Health ＆ Benefit",
        "Benefits",
        "NAS Benefits Administration",
        "NAS HCM",
        "NAS Config Control",
        "Voice of NAS"
      ],
      "stage": "Active",
      "voteCount": 9,
      "socialCommentCount": 2,
      "score": 9,
      "views": 27,
      "type": "idea",
      "legacyId": null
    },
    {
      "lastActivityDate": "2022-05-23T18:16:18Z",
      "id": 1103245,
      "authorEmailAddress": "imran.khan2@adp.com",
      "authorDisplayName": "Imran Khan",
      "authorUpn": "Khanimra@ES.AD.ADP.com",
      "siteId": 438571,
      "title": "Multiple Pay group processing option in PQAA & W2C's process",
      "url": "https://adpworks.adp.com/redir/1103245",
      "datePublished": "2022-05-19T00:25:40Z",
      "content": "<p>PQAA is a part of digital transformation and a great tool to process prior QTR adjustments any time. It updates data instantly once we successfully process adjustments. The below are two points to improve PQAA and W2C process.</p>\n<p> </p>\n<p><strong>We can process adjustments any time but can not generate W2C’s any time</strong> - We need to wait till batch processing day to request W2C’s for the employees. Example – We had previous batch processing date was 05/09/2022 and the next batch processing date is 05/23/2022. Suppose If we receive W2C request from the client and process adjustments on 5/12/2022 still we need to wait till 05/23/2022 to request W2C.  If we have options in PQAA itself to generate W&amp;T register and W2C’s then It will save a lot of time and effort or We should have access to generate W&amp;T register and W2C’s once adjustments are processed without waiting for batch processing day.</p>\n<p> </p>\n<p> </p>\n<p><strong>Multiple Pay group processing option in PQAA </strong>- We had to process adjustments for 390 employees and more than 100 pay groups due to client’s request in 2021. We needed to load 900+ files as most of the employees have balances in multiple QTRs. It took a lot of time as can not process multiple pay group adjustments in PQAA. If we have multiple pay group processing option in PQAA then it will be very useful.</p>\n<p> </p>\n<p>There are 4 steps to complete in PQAA . Below are the suggestion to implement to have multiple pay group processing in PQAA</p>\n<p> </p>\n<p><strong>1) Create Adjustment Step</strong> -  There should be option to select multiple pay group from the drop down in pay group selection</p>\n<p> </p>\n<p><strong>2)Select Employees Step</strong> - 1st selection should be pay group. Once pay groups are selected then there should be employees selection option</p>\n<p> </p>\n<p><strong>3) Adjust Employees Step</strong> - There should be column for pay group for which adjustment is being processed</p>\n<p> </p>\n<p><strong>4)Select Reason Codes Step</strong> - There should be employees list with hyper link same as adjust employees tab to update ascertain date, reason code and Federal refund code.</p>\n<p> </p>\n<p> </p>\n<p>Just imagine we can process PQAA anytime then why can not we generate W&amp;T register and W2C anytime. Why clients need to wait for W2C's so long. Processing multiple pay groups in PQAA will save a lot of time and effort.</p>\n<p>It will help us to give better service to our client.</p>\n<p>Quick Resolution</p>\n<p>Client's Satisfaction</p>\n<p>Simplify</p>\n<p>Innovate</p>\n<p>Grow</p>\n<p>Improve the associate and/or client experiences</p>",
      "tags": null,
      "categories": null,
      "topics": [
        "National Accounts (NAS)",
        "Voice of NAS",
        "ModernizeNASIndia"
      ],
      "stage": "Active",
      "voteCount": 5,
      "socialCommentCount": 4,
      "score": 5,
      "views": 34,
      "type": "idea",
      "legacyId": null
    },
    {
      "lastActivityDate": "2022-05-18T19:55:26Z",
      "id": 1102684,
      "authorEmailAddress": "sandeep.swain@adp.com",
      "authorDisplayName": "Sandeep Swain",
      "authorUpn": "swains1@ES.AD.ADP.COM",
      "siteId": 438571,
      "title": "Delegation support for FAN requests in Lifion",
      "url": "https://adpworks.adp.com/redir/1102684",
      "datePublished": "2022-05-17T08:00:14Z",
      "content": "<p style=\"margin: 0in; font-family: Calibri; font-size: 11.0pt;\"><span style=\"font-family: 'book antiqua', palatino, serif;\"><strong>Currently Lifion doesn't have the functionality for delegating FAN requests to another Lifion user in the Lifion environment .</strong></span></p>\n<p style=\"margin: 0in; font-family: Calibri; font-size: 11.0pt;\"> </p>\n<p style=\"margin: 0in; font-family: Calibri; font-size: 11.0pt;\"> </p>",
      "tags": null,
      "categories": null,
      "topics": ["Lifion", "Voice of NAS"],
      "stage": "Active",
      "voteCount": 1,
      "socialCommentCount": 0,
      "score": 1,
      "views": 6,
      "type": "idea",
      "legacyId": null
    },
    {
      "lastActivityDate": "2022-05-19T17:28:36Z",
      "id": 1102555,
      "authorEmailAddress": "janelle.marshall@adp.com",
      "authorDisplayName": "Janelle Marshall",
      "authorUpn": "marshalj@es.ad.adp.com",
      "siteId": 438571,
      "title": "Agency notice back up documents make available to clients on Smart Compliance",
      "url": "https://adpworks.adp.com/redir/1102555",
      "datePublished": "2022-05-16T21:48:50Z",
      "content": null,
      "tags": null,
      "categories": null,
      "topics": ["NAS SharkTank", "Voice of NAS"],
      "stage": "Active",
      "voteCount": 1,
      "socialCommentCount": 0,
      "score": 1,
      "views": 8,
      "type": "idea",
      "legacyId": null
    },
    {
      "lastActivityDate": "2022-05-18T19:46:17Z",
      "id": 1102424,
      "authorEmailAddress": "erica.diaz@adp.com",
      "authorDisplayName": "Erica Diaz",
      "authorUpn": "diazec@ES.AD.ADP.COM",
      "siteId": 438571,
      "title": "Name order Discrepancy in Election Confirmation and Personal Information",
      "url": "https://adpworks.adp.com/redir/1102424",
      "datePublished": "2022-05-16T16:33:22Z",
      "content": "<p>There is a Name order discrapency in the Election Confirmations and Personal Information. </p>\n<p> </p>\n<p>Ex. </p>\n<p> </p>\n<p>Personal Information Pannel  Name order is Last Name, Name  ex.  Nissen, Rebecca whereas</p>\n<p>Election Confirmation name order is Firt Name, Last Name.        ex. Rebecca, Nissen</p>\n<p> </p>\n<p>A client brought this up after they spent some time looking for pasticipant. It should all be the same across HWSE to avoid user ecpericence confusion.</p>\n<p> </p>",
      "tags": null,
      "categories": null,
      "topics": ["Voice of NAS", "NAS Benefits Administration"],
      "stage": "Active",
      "voteCount": 0,
      "socialCommentCount": 0,
      "score": 0,
      "views": 11,
      "type": "idea",
      "legacyId": null
    },
    {
      "lastActivityDate": "2022-05-18T19:43:39Z",
      "id": 1101682,
      "authorEmailAddress": "rikki.fries@adp.com",
      "authorDisplayName": "Rikki Fries",
      "authorUpn": "blanchrl@ES.AD.ADP.COM",
      "siteId": 438571,
      "title": "Dependent Age Out Requirements at option level",
      "url": "https://adpworks.adp.com/redir/1101682",
      "datePublished": "2022-05-11T18:54:12Z",
      "content": "<p>Currently, Config Control tool allows for updates to actual ages under the option level, but it does not allow for coverage end requirements to differ, and that requirement sits at the benefit area level. There is value in allowing the dependent age out requirements to be set at the option level, since clients sometimes have differing age out rules, especially when dealing with union groups. </p>\n<p>As an example, client has dental options A, B, C. Options B and C are union-only plans, and dependents age out End of month following 26th birthday, which option A is for non-union and dependents age out immediately upon turning 26.</p>\n<p>This currently cannot be supported in CCT and must remain in classic as of now, but an enhancement to CCT could get this out of classic. This would reduce classic CA work/SRs, and provide for quicker turn around and resolution in the hands of the client-facing associates.</p>",
      "tags": null,
      "categories": null,
      "topics": [
        "NAS Config Control",
        "NAS Classic Config",
        "Vantage",
        "Service Engine",
        "Voice of NAS",
        "NAS HR/Payroll"
      ],
      "stage": "Active",
      "voteCount": 12,
      "socialCommentCount": 0,
      "score": 12,
      "views": 48,
      "type": "idea",
      "legacyId": null
    },
    {
      "lastActivityDate": "2022-05-17T23:28:33Z",
      "id": 1101672,
      "authorEmailAddress": "liz.rivas@adp.com",
      "authorDisplayName": "Liz Rivas",
      "authorUpn": "rivasl@ES.AD.ADP.COM",
      "siteId": 438571,
      "title": "Total Compensation tile in Vantage",
      "url": "https://adpworks.adp.com/redir/1101672",
      "datePublished": "2022-05-11T18:14:04Z",
      "content": "<p>As clients get ready for annual reviews having a tile or area within the employees proife with a total compensation would assist practiotioners in financial planning. The total compensation tile should contain Salary, Commissions, Bonus, ER benefit cost, ER Taxes and 401K Expenses. This appears to be available in TotalSource and the client could benefit from this in Vantage. </p>",
      "tags": null,
      "categories": null,
      "topics": ["Voice of NAS", "NAS HR/Payroll", "Vantage"],
      "stage": "Active",
      "voteCount": 0,
      "socialCommentCount": 0,
      "score": 0,
      "views": 6,
      "type": "idea",
      "legacyId": null
    },
    {
      "lastActivityDate": "2022-05-17T23:25:26Z",
      "id": 1100510,
      "authorEmailAddress": "rolando.mirabal@adp.com",
      "authorDisplayName": "Rolando Mirabal",
      "authorUpn": "mirabalr@ES.AD.ADP.com",
      "siteId": 438571,
      "title": "Negative Distributions on Cost Numbers",
      "url": "https://adpworks.adp.com/redir/1100510",
      "datePublished": "2022-05-09T18:39:40Z",
      "content": "<p>Client submitting enhancement request to allow negative distributions on cost numbers. Example EE is paid with the wrong cost number on previous pay period ad need to show the negative amount in payroll for the wrong cost # and a positive to the corrected cost #.</p>\n<p>Client is currently having to move the negative to an offsetting amount and sometimes is unable to because the EE isn't being paid out of that cost number.</p>",
      "tags": null,
      "categories": null,
      "topics": ["Voice of NAS", "NAS HR/Payroll"],
      "stage": "Active",
      "voteCount": 0,
      "socialCommentCount": 0,
      "score": 0,
      "views": 6,
      "type": "idea",
      "legacyId": null
    },
    {
      "lastActivityDate": "2022-05-17T17:32:51Z",
      "id": 1100355,
      "authorEmailAddress": "jessica.hernandez@adp.com",
      "authorDisplayName": "Jessica Hernandez",
      "authorUpn": "hernanj@ES.AD.ADP.com",
      "siteId": 438571,
      "title": "Customizable text",
      "url": "https://adpworks.adp.com/redir/1100355",
      "datePublished": "2022-05-09T14:32:15Z",
      "content": "<p>Allow standard text to be customizable to meet the needs of the clients population understanding.</p>",
      "tags": null,
      "categories": null,
      "topics": ["Voice of NAS", "NAS Benefits Administration"],
      "stage": "Active",
      "voteCount": 0,
      "socialCommentCount": 0,
      "score": 0,
      "views": 3,
      "type": "idea",
      "legacyId": null
    },
    {
      "lastActivityDate": "2022-05-17T17:30:58Z",
      "id": 1100348,
      "authorEmailAddress": "jessica.hernandez@adp.com",
      "authorDisplayName": "Jessica Hernandez",
      "authorUpn": "hernanj@ES.AD.ADP.com",
      "siteId": 438571,
      "title": "Pending Dependents",
      "url": "https://adpworks.adp.com/redir/1100348",
      "datePublished": "2022-05-09T14:23:15Z",
      "content": "<p>Pending Dependents:</p>\n<p>1) On the dependent page have the date the dependents will be removed if docuemention is not approved</p>\n<p>2) Allow different time lines to be set up for documentation based of Group Enrollments and PIE event.</p>",
      "tags": null,
      "categories": null,
      "topics": ["Voice of NAS", "NAS Benefits Administration"],
      "stage": "Active",
      "voteCount": 0,
      "socialCommentCount": 0,
      "score": 0,
      "views": 4,
      "type": "idea",
      "legacyId": null
    },
    {
      "lastActivityDate": "2022-05-12T21:32:48Z",
      "id": 1100308,
      "authorEmailAddress": "jessica.hernandez@adp.com",
      "authorDisplayName": "Jessica Hernandez",
      "authorUpn": "hernanj@ES.AD.ADP.com",
      "siteId": 438571,
      "title": "ADP to Audit SSN of dependents",
      "url": "https://adpworks.adp.com/redir/1100308",
      "datePublished": "2022-05-09T00:13:04Z",
      "content": "<p>Current ACA receives notification of SSN that do not match, the client beleives this would be added value as we current audit for events, dependent relationships. Adding Value would eleviate the client from having to track down the employee's for the dependents SSN/Name.</p>",
      "tags": null,
      "categories": null,
      "topics": ["Voice of NAS", "NAS Benefits Administration"],
      "stage": "Active",
      "voteCount": 1,
      "socialCommentCount": 1,
      "score": 1,
      "views": 2,
      "type": "idea",
      "legacyId": null
    },
    {
      "lastActivityDate": "2022-05-09T18:13:55Z",
      "id": 1100307,
      "authorEmailAddress": "jessica.hernandez@adp.com",
      "authorDisplayName": "Jessica Hernandez",
      "authorUpn": "hernanj@ES.AD.ADP.com",
      "siteId": 438571,
      "title": "EOI API with times Salary amounts and flat GIA",
      "url": "https://adpworks.adp.com/redir/1100307",
      "datePublished": "2022-05-09T00:08:00Z",
      "content": "<p>EOI API to accept or change amount of coverage.<br>We were recently considering ADP HWSE EOI automation process however there are huge limitations to common Life insurance plan design.<br>Currently ADP HWSE EOI automation with vendor (Guardian) CANNOT accommodate plan design with 1x,2x,3x,4x annual salary election + fixed amount GIA. <br>We were informed that the programming of automated EOI can only work with plan design like 1x,2x,3x,4x annual salary election + 2x or 3x annual salary GIA OR fixed $ election + fixed amount GIA.<br>As 1x,2x,3x,4x annual salary election + fixed amount GIA is a very common plan design on the market, I hope ADP HWSE could prepare better programming proposal to accommodate client plan design not the other way around.</p>",
      "tags": null,
      "categories": null,
      "topics": ["Voice of NAS", "NAS Benefits Administration"],
      "stage": "Active",
      "voteCount": 0,
      "socialCommentCount": 0,
      "score": 0,
      "views": 1,
      "type": "idea",
      "legacyId": null
    },
    {
      "lastActivityDate": "2022-05-13T18:11:59Z",
      "id": 1099856,
      "authorEmailAddress": "tyson.wernli@adp.com",
      "authorDisplayName": "Tyson Wernli",
      "authorUpn": "WernliT@ES.AD.ADP.com",
      "siteId": 438571,
      "title": "Give Config Control BCR Tables for Data Change events with Alternate Event Description",
      "url": "https://adpworks.adp.com/redir/1099856",
      "datePublished": "2022-05-05T18:41:41Z",
      "content": "<p>Now that this feature is functioning in Config Control:<br><br><em>BENEFITS-60777 Config Control - Configurable HR event descriptions rules application</em><br><em>Config Control: For events that have multiple conditions in each condition there is a new field called \"Alternate Event Description\" that can be used to have unique display names for events by condition. Those events without conditions have this same field in the General Info section.</em></p>\n<p>It would be nice if we could create Benefits Change Restriction tables that tie specifically to these Alternate Event Descriptions to allow the client more flexibility in Config Control in determining what changes they do/don't want to have permitted.</p>\n<p>For example, since an employee moving from PT eligibility to FT eligibility cannot get a Newly Eligible event and must instead get a Data Change event with an O2E, once we rename this specific Data Change scenario as \"PT to FT\", we would then have a BCR table available to us to indicate what specific changes are allowed in this renamed event, while maintaining the template BCR logic for any Data Change that doesn't have this naming convention.</p>",
      "tags": null,
      "categories": null,
      "topics": [],
      "stage": "Active",
      "voteCount": 11,
      "socialCommentCount": 0,
      "score": 11,
      "views": 24,
      "type": "idea",
      "legacyId": null
    },
    {
      "lastActivityDate": "2022-05-02T20:25:47Z",
      "id": 1098410,
      "authorEmailAddress": "natalie.graham@adp.com",
      "authorDisplayName": "Natalie Graham",
      "authorUpn": "GrahamN@ES.AD.ADP.COM",
      "siteId": 438571,
      "title": "Updating Beneficiaries",
      "url": "https://adpworks.adp.com/redir/1098410",
      "datePublished": "2022-04-29T14:16:43Z",
      "content": "<p>In MyADP there are two options to update beneficiary information.  First you can update beneficiary information inside a event such as AE or a Pie event.  The other is under Manage Information, however under Manage information the only plans that you can update the beneficiary information are plans you already added a beneficiary.  If the employee did not add beneficiary to a plan previously the plan does not show up to add a beneficiary under the Manage information. </p>\n<p>Some clients have the plans setup that do not require beneficiary they make it optional so the employee's can skip this step when first enrolling in the Life plans.  Would like to make all plans available under Manage information so that they can add the beneficiaries to those plans at any time</p>",
      "tags": null,
      "categories": null,
      "topics": ["NAS Benefits Administration", "Voice of NAS"],
      "stage": "Active",
      "voteCount": 19,
      "socialCommentCount": 0,
      "score": 19,
      "views": 36,
      "type": "idea",
      "legacyId": null
    }
  ]
}
