{
  "totalRows": 189,
  "entities": [
    {
      "lastActivityDate": "2022-06-09T18:31:08Z",
      "id": 1095774,
      "authorEmailAddress": "jeremy.lakose@adp.com",
      "authorDisplayName": "Jeremy Lakose",
      "authorUpn": "lakosej@ES.AD.ADP.com",
      "siteId": 438571,
      "title": "Court Order Events",
      "url": "https://adpworks.adp.com/redir/1095774",
      "datePublished": "2022-04-20T15:04:15Z",
      "content": "<p>When creating benefit Court Orders (CO), Vantage Benefits will create an Oppurtunity to Enroll (O2E) used to add the needed dependent to coverage as the start of the CO, so long as the dependent already has coverage or then it becomes a useless system created O2E that has no functionality and can't be confirmed due to the unkept dependencies to enroll a dep that cannot be fixed in the event. </p>\n<p>Pre-sunset of legacy UI -  The CO O2E would auto enroll the child needing coverage automatically based on the order when entering the benefit area, so long as the employee(EE) themselves had coverage before keying the CO. The CO could not begin coverage for the EE and that was acceptable because the CO would need a mechanism that was not present to decide which of the options the employee must be put into and didnt exist.</p>\n<p>Current UI - Before any work can begin, you must determine if the needs for the child coverage has already been put in place by the EE. If the child is not currently covered in coverage via the EE own doing, we as practitioners are forced to create an Admin Correction event before keying the CO to first start the dependent as of the date of coverage needed on the CO. Then key the CO with needed data and requirements. Then an additional O2E will generate simply because you created a CO and you need to confirm that too. This is especially problematic for practitioners as we are now introducing extra life event steps that not only were not there previously. Also makes no sense from a system stand point if we are forced to create O2Es manually just to begin coverage first, then have to deal with another O2E that does nothing and cannot be confirmed if the dep didnt have pre coverage becuase the CO O2E will not allow you to fix the identified problems it already knows it has and points out on screen.<br><br>Why are we creating an O2E for the court order if you are already forced to create an additional life event to force the coverage to begin with pre keying CO? <br><br>Most importantly, since the CO has always created an O2E and continues to do so to this day, why can't the CO O2E be used to add the dep to needed coverage like it has in the past, as it is the single most simple way of handing adding of deps to coverage without creating additional maintanence system steps?</p>",
      "tags": null,
      "categories": null,
      "topics": [
        "Vantage",
        "Benefits",
        "NAS Benefits Administration",
        "MyADP",
        "Health ＆ Welfare Administration",
        "Voice of NAS"
      ],
      "stage": "Active",
      "voteCount": 3,
      "socialCommentCount": 0,
      "score": 3,
      "views": 48,
      "type": "idea",
      "legacyId": null
    },
    {
      "lastActivityDate": "2022-04-29T14:25:42Z",
      "id": 1095079,
      "authorEmailAddress": "cristine.jenkins@adp.com",
      "authorDisplayName": "Cristine Jenkins",
      "authorUpn": "bellic@ES.AD.ADP.COM",
      "siteId": 438571,
      "title": "Welfare Dependency for Employer Provided Basic Dependent Life",
      "url": "https://adpworks.adp.com/redir/1095079",
      "datePublished": "2022-04-18T19:32:31Z",
      "content": "<p>We've got a handful of clients that provide dependent life coverage for their employees with a valid dependent on file.  This is for a basic dependent life benefit area and all clients want/expect the Basic Dep Life, Basic Child Life and/or Basic Spouse Life to auto enroll when a valid dep is added and auto drop when a valid dep is removed.  This is not currently supported using Classic configuration. With current classic configuration, this is only working if the valid dependent is already on file when the event is created or with a manual correction after the dependent is on file.  </p>\n<p>Client/participant impact: When dependents are added within the event, accurate coverage is not inforce (<em>New Hire, Rehire, Newly Eligible, or any Life event where new deps are added</em>).  Additional manual steps are required by adding an Admin Correction for each event or a frequent Mass Correction.  Both of these are horrible work arounds.  Many SWARM tickets later across many clients and someone had the idea to use the Welfare Dependency feature on a client.  Additional testing led them to make the benefit areas BASICCHLIFE and BASICSPLIFE have only one option (coverage) instead of coverage and no coverage options.  </p>\n<p>When Welfare Dependency feature is enabled, there is only one coverage option for the benefit area and that option is set as the default option, this is working as expected when the dependent is added in the event.  <strong>After partnering with T3, we've proven that this works and getting their approval, we've all confirmed this is working 80% of the time.</strong>  If we can get these last 2 scenarios working as well, no manual work arounds will be required which saves time for our service, client and tech support teams.</p>\n<p>The scenarios that are currently not working:</p>\n<p>*Any Annual Enrollment event</p>\n<p>*Any participant that skips adding the dependent at the beginning of the event and goes back to add the dependent after being in the Benefit screen</p>\n<p> </p>",
      "tags": null,
      "categories": null,
      "topics": [
        "NAS Config Control",
        "NAS Classic Config",
        "Vantage",
        "NAS Benefits Administration"
      ],
      "stage": "Active",
      "voteCount": 17,
      "socialCommentCount": 0,
      "score": 17,
      "views": 35,
      "type": "idea",
      "legacyId": null
    },
    {
      "lastActivityDate": "2022-05-02T12:35:30Z",
      "id": 1094701,
      "authorEmailAddress": "kelly.buckley@adp.com",
      "authorDisplayName": "Kelly Buckley",
      "authorUpn": "buckleyk@ES.AD.ADP.COM",
      "siteId": 438571,
      "title": "MyADP - Add Event Date to Benefits Enrollment Opportunities",
      "url": "https://adpworks.adp.com/redir/1094701",
      "datePublished": "2022-04-15T15:06:09Z",
      "content": "<p>MyADP currently shows the days left to enroll, but does not display the event date. This has become very confusing for clients.</p>\n<p>Attached is an image from a record. There were two Admin Events recently created one for 12/14/2021 and one for 2/14/2022. In the image, you can see that they are both labeled -4 days left to enroll. It is difficult to determine which event is which. There is an additional Admin Event dated 10/1/2019 (-898 in image). The client went into the October 2019 event to complete elections. This is causing long downstream impact. This has happened to two of my clients in the past month (one adjusted an admin event from 2017 in error). </p>\n<p>Adding the event date will allow the user to access and confirm the correct event.</p>\n<p> </p>\n<p> </p>",
      "tags": null,
      "categories": null,
      "topics": ["Voice of NAS", "NAS Benefits Administration"],
      "stage": "Active",
      "voteCount": 42,
      "socialCommentCount": 0,
      "score": 42,
      "views": 87,
      "type": "idea",
      "legacyId": null
    },
    {
      "lastActivityDate": "2022-04-29T15:12:20Z",
      "id": 1094419,
      "authorEmailAddress": "anthony.a.hawthorne@adp.com",
      "authorDisplayName": "Anthony Hawthorne",
      "authorUpn": "hawthoa@ES.AD.ADP.COM",
      "siteId": 438571,
      "title": "HSA Employer Lump Sum Contribution - Automatically Apply when HDHP Medical Option Elected",
      "url": "https://adpworks.adp.com/redir/1094419",
      "datePublished": "2022-04-14T14:30:05Z",
      "content": "<p>Clients are requesting that the system support the ability to automatically give the employer HSA lump sum contribution when employee elects a HDHP medical option. When the HSA Lump Sum feature was initially rolled out, it required the employee to elect an HSA coverage amount in order to receive the employer contribution.  If the employee wants to receive the employer contribution, but not contribute themselves, they are required to enter a $0.00 coverage amount on the HSA page.  This is a confusing process to the end user.  The majority of clients do not require the employee to contribute in order to receive the employer HSA contribution.  </p>\n<p>To eliminate this confusion, it was <a href=\"https://adpworks.adp.com/sites/nas-connect/nas-benefits-administration/nas-service-engine/documents/429394/health-and-welfare-service-engine-hsa-employer-lump-sum-contribution\">recommended</a> to <span>restrict the HSA No Coverage Option and bundle to the HSA coverage option with a coverage amount of $0.00 when electing the Medical High Deductible option.  This solution essentially gave the employer contribution by default when the medical high deductible option was elected.  </span></p>\n<p><span>The above mentioned bundling solution worked successfully for 2+ years, but has since broke with the introduction of the Employer One-Click feature and other system updates/enhancements.  One particular client was forced to remove the bundling rules and employees are now required to make selection on the HSA page in order to receive the employer contirbution.  The One-Click feature was intended to improve the user experience so they could easily select to only receive the employer contribution, but the Waive option is still visible and causing confusion (waive option since removed for work events per classic committe approval; not approved for life events).  When the top down feature is activated, employees are forced to review and confirm the HSA page and thus receive employer contribution.  But for AE and Life events, top down is not always enabled and employees may elect HDHP medical plan and not realize they have to review and save HSA page in order to receive employer contribution.</span></p>\n<p><span>Bottom line is that clients want the system to support the ability to automatically give the HSA employer lump sum when the HDHP medical plan is elected and not require the employee to take any action on the HSA page.  </span></p>\n<p><span>The recommendations provided a few years ago are no longer supported, considered 'custom' and not approved for use.  One client in particular has indicated this will be a major issue for their 2023 AE and a solution needs to be put in place to automatically give the employer contirbution when HDHP medical option is elected.  It worked for this client the last 2 years and is no longer working for 2023.  Client indicated they will put this request on The Bridge.</span></p>\n<p><span>NOTE that this should be configurable as some clients do <span style=\"text-decoration: underline;\">not</span> automatically give the employer lump sum contribution and require employee to contribute to HSA in order to receive employer funds.</span></p>",
      "tags": null,
      "categories": null,
      "topics": ["Voice of NAS", "NAS Benefits Administration"],
      "stage": "Active",
      "voteCount": 40,
      "socialCommentCount": 4,
      "score": 40,
      "views": 148,
      "type": "idea",
      "legacyId": null
    },
    {
      "lastActivityDate": "2022-04-29T14:26:33Z",
      "id": 1092998,
      "authorEmailAddress": "kelly.buckley@adp.com",
      "authorDisplayName": "Kelly Buckley",
      "authorUpn": "buckleyk@ES.AD.ADP.COM",
      "siteId": 438571,
      "title": "Enhance Dependent Record Management",
      "url": "https://adpworks.adp.com/redir/1092998",
      "datePublished": "2022-04-08T15:35:29Z",
      "content": "<p>Domestic Partner to Marriage:</p>\n<p>Currently - We need to process a dissolution of DP event the day prior to the marriage to delete the DP (which requires reallocation of beneficiary data). Then we need to process a marriage event to readd the dependent.</p>\n<p>Suggestion – Allow relationship to be updated during the marriage event. Or create a DP to Marriage event where the relationship can be updated.</p>\n<p> </p>\n<p>SSN Requirement:</p>\n<p>Currently – If a client requires an SSN for a dependent the field does not contain a (*) showing it is required. This causes confusion as the employee is not aware that the SSN field is required.</p>\n<p>Suggestion – Utilize the rules in configuration control to show/hide the requirement (*) as required by the client.</p>\n<p> </p>\n<p>Duplicate Dependents:</p>\n<p>Currently – Duplicate dependents are often added to Vantage. This causes issues with event confirmation. In order to resolve, an SR must be sent to Tech Services to remove the duplicate record. This can take a week for the record to be corrected.</p>\n<p>Suggestion – Allow ADP practitioners to remove/delete duplicate dependents.</p>\n<p> </p>\n<p>Dependent Data:</p>\n<p>Currently – Once a dependent is created, it cannot be updated (even if you are still in the event). Participants mistakenly create records with incorrect information often. This requires a practitioner intervention and often a tech services SR.</p>\n<p>Suggestion – Allow all dependent data to be updated within the event in which the dependent was added.</p>\n<p> </p>\n<p>Reactivate Inactive Dependents:</p>\n<p>Currently – A dependent record can be deleted in certain events (ex. divorce). This dependent could have been removed in error or may need to be added back due to a failed dependent audit. After a dependent is deleted (or inactive) it cannot be added back to the account.</p>\n<p>Suggestion – Allow inactive dependents to be reactivate.</p>\n<p> </p>\n<p>Court Orders:</p>\n<p>Currently – A dependent must be on file and added to coverage prior to creating the court order. If the dependent is not on coverage and the court order is entered, the following steps need to be completed.</p>\n<ul>\n<li>the court order event must be undone which removes all court order data</li>\n<li>the dependent must be added to coverage through an admin event</li>\n<li>the court order data needs to be readded</li>\n<li>the court order event must be processed</li>\n</ul>\n<p>Suggestion – Allow court order dependents to be added in the court order event (this was the previous flow in classic).</p>\n<p>Currently – Court orders are not automatically undone/reprocessed when prior dated data changes are entered. The record will go to the PDC queue for manual processing. Which requires the below steps:</p>\n<ul>\n<li>the court order event must be undone which removes all court order data</li>\n<li>the court order data needs to be readded</li>\n<li>the court order event must be processed</li>\n</ul>\n<p>Suggestion – Allow court order data to remain intact when undoing the event. Add an option to the CO to delete if the action is necessary. Add an option to reprocess the CO after the undo is complete.</p>\n<p>Currently – If the client has different age out rules by benefit area, a CO needs to be added for each age out rule AND each dependent.</p>\n<ul>\n<li>Ensure both the employee and Court Order (CO) dependent(s) are on coverage prior to creating the Court Order. If they are not, create an Admin event effective the day of the Court Order and enroll the employee and/or dependents to coverage as necessary.</li>\n<li>Create the CO and add the dependents to the CO and applicable benefits.</li>\n<li>If there are multiple dependents falling into different age out rules (i.e. MED ages out at 26 and DEN &amp; VIS age out at 19), then a CO needs to be entered for each dependent in each age out rule; i.e. use CO number + \"a\", CO number + \"b\", etc.<br>If the Court Order has been entered prior to the employee and/or dependents being enrolled in coverage, then undo the CO event, enroll the employee and/or dependents in coverage via and Admin Correction event, and then re-create the CO to add the dependent(s) to coverage.</li>\n</ul>\n<p>Suggestion - When you add the CO there are check boxes, so it would be nice if you can check the medical box and then check the dependents that are relevant; then click the DEN &amp; VIS and click the dependents that are relevant.</p>\n<p>**depending on the client court orders can have significant amounts of data. Undoing and reentering all of the data can be cumbersome**</p>",
      "tags": null,
      "categories": null,
      "topics": ["Voice of NAS", "NAS HR/Payroll"],
      "stage": "Active",
      "voteCount": 43,
      "socialCommentCount": 0,
      "score": 43,
      "views": 80,
      "type": "idea",
      "legacyId": null
    },
    {
      "lastActivityDate": "2022-04-13T21:48:48Z",
      "id": 1092980,
      "authorEmailAddress": "dana.eastabrooks@adp.com",
      "authorDisplayName": "Dana Eastabrooks",
      "authorUpn": "EastabrD@ES.AD.ADP.com",
      "siteId": 438571,
      "title": "MyADP Employee Self Service Tax Withholding Change Needed",
      "url": "https://adpworks.adp.com/redir/1092980",
      "datePublished": "2022-04-08T14:18:56Z",
      "content": null,
      "tags": null,
      "categories": null,
      "topics": ["Voice of NAS", "Vantage", "NAS HR/Payroll"],
      "stage": "Active",
      "voteCount": 0,
      "socialCommentCount": 1,
      "score": 0,
      "views": 24,
      "type": "idea",
      "legacyId": null
    },
    {
      "lastActivityDate": "2022-04-13T21:41:58Z",
      "id": 1092592,
      "authorEmailAddress": "robi.thomas@adp.com",
      "authorDisplayName": "Robi Thomas",
      "authorUpn": "ThomasRo@ES.AD.ADP.com",
      "siteId": 438571,
      "title": "Validation Table Import Template Updates",
      "url": "https://adpworks.adp.com/redir/1092592",
      "datePublished": "2022-04-07T13:46:20Z",
      "content": "<p>As WFN changes, so should the import templates.  I've recently noticed that the validation table import template for Location is missing 'Remote'.  I have a client that has over 800 remote locations they are adding to the Location table but will manually have to assist them with checking the 'Remote' checkbox because this field is not located in the validation table import template.  </p>",
      "tags": null,
      "categories": null,
      "topics": [
        "National Accounts Workforce Now",
        "Voice of NAS",
        "NAS HR/Payroll"
      ],
      "stage": "Active",
      "voteCount": 0,
      "socialCommentCount": 0,
      "score": 0,
      "views": 52,
      "type": "idea",
      "legacyId": null
    },
    {
      "lastActivityDate": "2022-04-13T19:56:12Z",
      "id": 1092345,
      "authorEmailAddress": "chris.lott@adp.com",
      "authorDisplayName": "Chris Lott",
      "authorUpn": "lottchri@ES.AD.ADP.com",
      "siteId": 438571,
      "title": "HWSE Config Control - ACA Reporting Toggle Default",
      "url": "https://adpworks.adp.com/redir/1092345",
      "datePublished": "2022-04-06T21:08:28Z",
      "content": "<p>In Novermber, Benefits IC's were reminded that if a client plans to use ACA Reporting (internal or external) at any point in time, to update the Health Compliance Reporting toggle to \"Yes\". We had received feedback that not doing so causes a delay in ACA billing as we have to wait for the next move to production for the fix.</p>\n<p>According to our understanding, this toggle only impacts the benefits export for ACA reporting. A common misconception is that the toggle should only be selected if the client has an ACA Eligibility Group, which is not the case.</p>\n<p>We inquired with our partners in Health Compliance, and they are not aware of any disadvantages to defaulting the toggle to \"Yes\". </p>\n<p>Could you please evaluate the potential gains and drawbacks of making the Health Compliance Reporting toggle \"Yes\" by default?</p>",
      "tags": null,
      "categories": null,
      "topics": [
        "NAS Benefits Administration",
        "Health Compliance",
        "NAS Config Control",
        "Service Engine",
        "Voice of NAS"
      ],
      "stage": "Active",
      "voteCount": 1,
      "socialCommentCount": 1,
      "score": 1,
      "views": 7,
      "type": "idea",
      "legacyId": null
    },
    {
      "lastActivityDate": "2022-05-11T19:35:07Z",
      "id": 1091161,
      "authorEmailAddress": "lenae.davies@adp.com",
      "authorDisplayName": "Lenae Davies",
      "authorUpn": "DaviesL@ES.AD.ADP.com",
      "siteId": 438571,
      "title": "Administrators bypassing the Beneficiary Requirement",
      "url": "https://adpworks.adp.com/redir/1091161",
      "datePublished": "2022-04-01T18:53:39Z",
      "content": "<p>Allow Administrators to complete (Confirm) enrollments when an Beneficiary is not in the system on the benefit areas that require a Beneficiary.  <br><br>Reason for the need: If something is erroring, such as defaults, it requires a beneficiary to be include it will give an error that no Beneficiary is listed and not allow you to confirm.  </p>\n<p>If Administators could confirm would allow to either research the error further or fix the error. </p>",
      "tags": null,
      "categories": null,
      "topics": ["NAS Benefits Administration", "Voice of NAS"],
      "stage": "Active",
      "voteCount": 9,
      "socialCommentCount": 1,
      "score": 9,
      "views": 20,
      "type": "idea",
      "legacyId": null
    },
    {
      "lastActivityDate": "2022-04-08T17:08:28Z",
      "id": 1091135,
      "authorEmailAddress": "jeremy.lakose@adp.com",
      "authorDisplayName": "Jeremy Lakose",
      "authorUpn": "lakosej@ES.AD.ADP.com",
      "siteId": 438571,
      "title": "Using the enter key in searches",
      "url": "https://adpworks.adp.com/redir/1091135",
      "datePublished": "2022-04-01T17:42:29Z",
      "content": "<p>Search fields</p>",
      "tags": null,
      "categories": null,
      "topics": [
        "Benefits",
        "UX Research",
        "NAS Benefits Administration",
        "Vantage",
        "Voice of NAS"
      ],
      "stage": "Active",
      "voteCount": 4,
      "socialCommentCount": 1,
      "score": 4,
      "views": 10,
      "type": "idea",
      "legacyId": null
    },
    {
      "lastActivityDate": "2022-04-04T23:22:38Z",
      "id": 1091008,
      "authorEmailAddress": "anupama.chintala@adp.com",
      "authorDisplayName": "Anupama Chintala",
      "authorUpn": "ChintalN@ES.AD.ADP.com",
      "siteId": 438571,
      "title": "SPS Activity Tasks - Benmark",
      "url": "https://adpworks.adp.com/redir/1091008",
      "datePublished": "2022-04-01T11:49:03Z",
      "content": "<p><strong><u>Process:</u></strong></p>\n<p>SPS activities are currently performed by SPS Analyst for all the  Benmark clients On a Daily ,weekly, monthly basis.</p>\n<p> </p>\n<p><span style=\"text-decoration: underline;\"><strong>Current procedure:</strong></span></p>\n<p>The SPS Analyst performing these activities work in tandem with the BS  who load the jobs for the SPS Analyst to perform the activities.<br>The Business Specialists also  run queries, post jobs on OSAP, rerun the jobs and they also act as interface between Client, CA team, WageWorks and the SPS Analyst.</p>",
      "tags": null,
      "categories": null,
      "topics": ["National Accounts (NAS)", "BenMark", "Voice of NAS"],
      "stage": "Active",
      "voteCount": 1,
      "socialCommentCount": 0,
      "score": 1,
      "views": 3,
      "type": "idea",
      "legacyId": null
    },
    {
      "lastActivityDate": "2022-03-30T22:47:16Z",
      "id": 1090323,
      "authorEmailAddress": "fal.patel@adp.com",
      "authorDisplayName": "Fal Patel",
      "authorUpn": "patelf@ES.AD.ADP.COM",
      "siteId": 438571,
      "title": "Tighten Access and Permissions to be more role specific in Vantage",
      "url": "https://adpworks.adp.com/redir/1090323",
      "datePublished": "2022-03-30T13:04:12Z",
      "content": "<p>Currently, as a Benefits HCM, I have the ability to go into Vantage and edit and modity areas that are not specific to Benefits.  I feel that our permissions and access should be more restrictive (including HR HCMs, Payroll HCMs, etc..) , so that we're only allow visibility to these sections so that we cannot inadvertently modify something in error.  This would help define our roles more also. For example, some Benefit HCM's use the data bridge fuctionality, where others believe that is an HR function.  If certain functions should 'belong' to certain roles, and those roles are accountable for those tasks, than having view only rights would eliminate the uncertainty of who owns what. </p>",
      "tags": null,
      "categories": null,
      "topics": ["Voice of NAS", "NAS Benefits Administration"],
      "stage": "Active",
      "voteCount": 2,
      "socialCommentCount": 0,
      "score": 2,
      "views": 6,
      "type": "idea",
      "legacyId": null
    },
    {
      "lastActivityDate": "2022-04-08T17:30:28Z",
      "id": 1090139,
      "authorEmailAddress": "kelly.buckley@adp.com",
      "authorDisplayName": "Kelly Buckley",
      "authorUpn": "buckleyk@ES.AD.ADP.COM",
      "siteId": 438571,
      "title": "Vantage/HWSE - Modify Event Effect Dates",
      "url": "https://adpworks.adp.com/redir/1090139",
      "datePublished": "2022-03-29T17:46:53Z",
      "content": "<p>Ability for ADP practitioners to modify Event Effective Dates in Vantage and HWSE</p>",
      "tags": null,
      "categories": null,
      "topics": ["Voice of NAS", "NAS Benefits Administration"],
      "stage": "Active",
      "voteCount": 17,
      "socialCommentCount": 1,
      "score": 17,
      "views": 34,
      "type": "idea",
      "legacyId": null
    },
    {
      "lastActivityDate": "2022-04-08T17:05:32Z",
      "id": 1089078,
      "authorEmailAddress": "rebecca.bardwell@adp.com",
      "authorDisplayName": "Rebecca Bardwell",
      "authorUpn": "ewersr@ES.AD.ADP.COM",
      "siteId": 438571,
      "title": "VANTAGE BENEFITS - Restrict Client Practitioners Ability To Undo Events Greater Than 1 Year In The Past",
      "url": "https://adpworks.adp.com/redir/1089078",
      "datePublished": "2022-03-25T15:13:49Z",
      "content": "<p><span>Vantage client practitioners are able to go into the </span><span>benefits</span><span> system and they can undo </span><span>HR and Life</span><span> events with no restrictions. Without the assistance of </span><span>tech support</span><span> we are not able to rebuild records as any </span><span>HR</span><span> event greater than 1 year will not bump over from benefits without </span><span>tech support</span><span> assistance. The process for </span><span>tech support</span><span> to rebuild the record is tedious and has to be coordinated with the client.</span><br><br><span>If the product can be enhanced</span><span> to limit the client's ability to undo events greater than 1 year in the past </span><span>to mirror the period in which they can resend HR data</span><span>, </span><span>we could save a lot wasted resource time and effort.</span><span> If the event the client is undoing is greater than 1 year in the past the client can reach out to their ADP service team to </span><span>coordinate these data and event corrections.</span></p>",
      "tags": null,
      "categories": null,
      "topics": ["Voice of NAS", "NAS Benefits Administration"],
      "stage": "Active",
      "voteCount": 13,
      "socialCommentCount": 0,
      "score": 13,
      "views": 28,
      "type": "idea",
      "legacyId": null
    },
    {
      "lastActivityDate": "2022-04-08T17:05:01Z",
      "id": 1089074,
      "authorEmailAddress": "rebecca.bardwell@adp.com",
      "authorDisplayName": "Rebecca Bardwell",
      "authorUpn": "ewersr@ES.AD.ADP.COM",
      "siteId": 438571,
      "title": "VANTAGE BENEFITS - Restrict Client Practitioners Ability To Undo Events Greater Than 1 Year In The Past",
      "url": "https://adpworks.adp.com/redir/1089074",
      "datePublished": "2022-03-25T15:07:58Z",
      "content": "<p><span>Vantage client practitioners are able to go into the </span>benefits<span> system and they can undo </span>HR and Life<span> events with no restrictions. Without the assistance of </span>tech support<span> we are not able to rebuild records as any </span>HR<span> event greater than 1 year will not bump over from benefits without </span>tech support<span> assistance. The process for </span>tech support<span> to rebuild the record is tedious and has to be coordinated with the client.</span><br><br>If the product can be enhanced<span> to limit the client's ability to undo events greater than 1 year in the past </span>to mirror the period in which they can resend HR data<span>, </span>we could save a lot wasted resource time and effort.<span> If the event the client is undoing is greater than 1 year in the past the client can reach out to their ADP service team to </span>coordinate these data and event corrections.</p>",
      "tags": null,
      "categories": null,
      "topics": ["Voice of NAS", "NAS Benefits Administration"],
      "stage": "Active",
      "voteCount": 3,
      "socialCommentCount": 0,
      "score": 3,
      "views": 9,
      "type": "idea",
      "legacyId": null
    },
    {
      "lastActivityDate": "2022-03-26T01:36:51Z",
      "id": 1088553,
      "authorEmailAddress": "vipin.cheeran@adp.com",
      "authorDisplayName": "Vipin Cheeran",
      "authorUpn": "cheeranv@ES.AD.ADP.com",
      "siteId": 438571,
      "title": "Automation of WinSCP reports",
      "url": "https://adpworks.adp.com/redir/1088553",
      "datePublished": "2022-03-23T20:49:07Z",
      "content": "<p><strong><u>Problem Statement:</u></strong> Currently the reports which we upload to WinSCP is done manually where we receive an excel file from the client and then after specific formatting and saving with pre decided name we upload the file to WinSCP.  </p>\n<p><strong><u>Scope of Clients:</u> </strong>JCFS, EmCore and WM</p>\n<p><strong><u>Proposed Solution:</u></strong> With automation we are expecting the report which we receive should be automatically formatted without human intervention and gets uploaded to WinSCP.</p>\n<p> </p>\n<p><strong><u>Benefits:</u></strong></p>\n<ol>\n<li>Chances of zero error.</li>\n<li>Timely reports getting uploaded to WinSCP.</li>\n<li>Roughly 340 hours of manual effort can be redirected to more valuable activities.</li>\n</ol>\n<p> </p>",
      "tags": null,
      "categories": null,
      "topics": ["ModernizeNASIndia", "Voice of NAS"],
      "stage": "Active",
      "voteCount": 0,
      "socialCommentCount": 0,
      "score": 0,
      "views": 1,
      "type": "idea",
      "legacyId": null
    },
    {
      "lastActivityDate": "2022-03-26T01:25:36Z",
      "id": 1088425,
      "authorEmailAddress": "rohan.khurana@adp.com",
      "authorDisplayName": "Rohan Khurana",
      "authorUpn": "ryankhur@ES.AD.ADP.COM",
      "siteId": 438571,
      "title": "Pepsi ZoomSched",
      "url": "https://adpworks.adp.com/redir/1088425",
      "datePublished": "2022-03-23T16:15:41Z",
      "content": "<p data-ccp-props=\"{&quot;335551550&quot;:1,&quot;335551620&quot;:1,&quot;335559683&quot;:0,&quot;335559685&quot;:0,&quot;335559731&quot;:0,&quot;335559737&quot;:0,&quot;335562764&quot;:2,&quot;335562765&quot;:1,&quot;335562766&quot;:4,&quot;335562767&quot;:0,&quot;335562768&quot;:4,&quot;335562769&quot;:4}\"><span data-scheme-color=\"@002060,,\" data-usefontface=\"false\" data-contrast=\"none\">PROBLEM STATEMENT: </span><span data-scheme-color=\"@222222,1,\" data-usefontface=\"false\" data-contrast=\"none\">Creating and sending Outlook reminders for Pepsi hiring </span><span data-scheme-color=\"@222222,1,\" data-usefontface=\"false\" data-contrast=\"none\">managers is an effort-intensive, time-consuming activity (currently supported by </span><span data-scheme-color=\"@222222,1,\" data-usefontface=\"false\" data-contrast=\"none\">Manila/India COE). </span><span>​</span></p>\n<ul style=\"font-weight: 400;\">\n<li data-charcodes=\"8226\" data-font=\"Arial,Sans-Serif\" data-buautonum=\"8\" data-margin=\"270\" data-aria-posinset=\"1\" data-aria-level=\"1\"><span data-scheme-color=\"@222222,1,\" data-usefontface=\"false\" data-contrast=\"none\">About </span><span data-scheme-color=\"@222222,1,\" data-usefontface=\"false\" data-contrast=\"none\">700+ Outlook invites </span><span data-scheme-color=\"@222222,1,\" data-usefontface=\"false\" data-contrast=\"none\">need to be sent out daily.</span><span>​</span></li>\n<li data-charcodes=\"8226\" data-font=\"Arial,Sans-Serif\" data-buautonum=\"8\" data-margin=\"270\" data-aria-posinset=\"2\" data-aria-level=\"1\"><span data-scheme-color=\"@222222,1,\" data-usefontface=\"false\" data-contrast=\"none\">This activity is currently serviced by 2.5 FTE (daily inflow).</span><span>​</span></li>\n<li data-charcodes=\"8226\" data-font=\"Arial,Sans-Serif\" data-buautonum=\"8\" data-margin=\"270\" data-aria-posinset=\"3\" data-aria-level=\"1\"><span data-scheme-color=\"@222222,1,\" data-usefontface=\"false\" data-contrast=\"none\">Facilitator details</span><span data-scheme-color=\"@222222,1,\" data-usefontface=\"false\" data-contrast=\"none\"> need to be added as required.</span><span>​</span></li>\n<li data-charcodes=\"8226\" data-font=\"Arial,Sans-Serif\" data-buautonum=\"8\" data-margin=\"270\" data-aria-posinset=\"4\" data-aria-level=\"1\"><span data-scheme-color=\"@222222,1,\" data-usefontface=\"false\" data-contrast=\"none\">Meeting info</span><span data-scheme-color=\"@222222,1,\" data-usefontface=\"false\" data-contrast=\"none\"> needs to be added as required.</span><span>​</span></li>\n<li data-charcodes=\"8226\" data-font=\"Arial,Sans-Serif\" data-buautonum=\"8\" data-margin=\"270\" data-aria-posinset=\"5\" data-aria-level=\"1\"><span data-scheme-color=\"@222222,1,\" data-usefontface=\"false\" data-contrast=\"none\">Invites need to be sent out </span><span data-scheme-color=\"@222222,1,\" data-usefontface=\"false\" data-contrast=\"none\">24 hours </span><span data-scheme-color=\"@222222,1,\" data-usefontface=\"false\" data-contrast=\"none\">prior to scheduled interviews.</span><span>​</span></li>\n<li data-charcodes=\"8226\" data-font=\"Arial,Sans-Serif\" data-buautonum=\"8\" data-margin=\"270\" data-aria-posinset=\"6\" data-aria-level=\"1\"><span data-scheme-color=\"@222222,1,\" data-usefontface=\"false\" data-contrast=\"none\">This is a </span><span data-scheme-color=\"@222222,1,\" data-usefontface=\"false\" data-contrast=\"none\">client-facing activity</span><span data-scheme-color=\"@222222,1,\" data-usefontface=\"false\" data-contrast=\"none\">.</span></li>\n</ul>",
      "tags": null,
      "categories": null,
      "topics": ["ModernizeNASIndia", "Voice of NAS"],
      "stage": "Active",
      "voteCount": 0,
      "socialCommentCount": 0,
      "score": 0,
      "views": 2,
      "type": "idea",
      "legacyId": null
    },
    {
      "lastActivityDate": "2022-03-26T01:21:57Z",
      "id": 1087560,
      "authorEmailAddress": "apoorva.dalvi@adp.com",
      "authorDisplayName": "Apoorva Dalvi",
      "authorUpn": "dalviapr@ES.AD.ADP.com",
      "siteId": 438571,
      "title": "Desktop Enhancement for Payroll Incident log",
      "url": "https://adpworks.adp.com/redir/1087560",
      "datePublished": "2022-03-21T05:10:30Z",
      "content": "<ul>\n<li><strong><u>Area of Improvement-</u></strong></li>\n</ul>\n<p>Any incidents updated on desktop has a QA reason code being a mandatory field and its one of the most important one as well depending upon the nature of corrections being done.</p>\n<p>Usually MPS misses out to update correct/appropriate field against the Party responsible selected on desktop.</p>\n<p>There are scenarios wherein MPS Team updated Party responsible as ADP and QA reason code as B2( this is not in sync as any ADP-Party responsible would be coded under E).</p>\n<p>There are various options given on desktop for listed Party responsible, however <strong>ADP</strong> would always be under QA reason code as <strong>E (there are options given for this code as well so we can select the most appropriate one). </strong></p>\n<p>Same goes with other Party responsible as Client/3<sup>rd</sup> Party/Vendor as for these the QA code can be selected as B code or C code depending upon the reason but not E code as its related to ADP only.</p>\n<ul>\n<li><strong><u>Solution -</u></strong></li>\n</ul>\n<p>What we can do to avoid such errors or repetition of errors is that we can set up a warning message on desktop to instruct MPS/processor to know if they have selected the correct code for Party responsible either for Client or ADP and then can go ahead with it.</p>\n<p>This warning message would also help the processor to verify the QA reason code as this would act as a check point to get the things right at first place.</p>\n<ul>\n<li><strong><u>How would it help-</u></strong></li>\n</ul>\n<p>This would help avoid double work for MPS to correct such entries after they have processed the payroll and they would also save on the errors being imposed on Issue tracker.</p>\n<p>In return, this would help us as a Compliance to reduce no. of emails sent around this and time involved for such corrections sent on monthly basis.</p>\n<p> </p>",
      "tags": null,
      "categories": null,
      "topics": ["Voice of NAS", "NAS Benefits Administration"],
      "stage": "Active",
      "voteCount": 0,
      "socialCommentCount": 0,
      "score": 0,
      "views": 3,
      "type": "idea",
      "legacyId": null
    },
    {
      "lastActivityDate": "2022-04-08T17:32:40Z",
      "id": 1086816,
      "authorEmailAddress": "lynda.whitmore@adp.com",
      "authorDisplayName": "Lynda Whitmore",
      "authorUpn": "WhitmorL@ES.AD.ADP.COM",
      "siteId": 438571,
      "title": "Critical Illness / Spouse Critical Illness",
      "url": "https://adpworks.adp.com/redir/1086816",
      "datePublished": "2022-03-16T18:21:55Z",
      "content": "<p>We are seeing two options for carriers regarding Critical Illness plan design.</p>\n<p>1. Spouse is <strong>UPTO</strong> 50% of the employee coverage - this is handled correctly by Config Control.</p>\n<p>2. Spouse is <strong>equal</strong> to 50% of the employee coverage - this option is not in Config Control. </p>\n<p>The current work around for option 2 is to build option Ids without spouse coverage amounts and calculate the coverage amounts on the export to the carrier based on the employees amount. A situation arised where the work around wouldn't work because the rates were based on spouse age as well as the coverage amounts so the options required coverage amounts in the name. SPCRIT10K, SPCRIT15K, etc... </p>\n<p>Due to the limitations in Config Control this was then set up as Option 1 which is causing weekly discrepancies. The client is having to manually change the employees into the right plan options. </p>",
      "tags": null,
      "categories": null,
      "topics": [
        "NAS Config Control",
        "NAS Benefits Administration",
        "Voice of NAS"
      ],
      "stage": "Active",
      "voteCount": 17,
      "socialCommentCount": 0,
      "score": 17,
      "views": 71,
      "type": "idea",
      "legacyId": null
    },
    {
      "lastActivityDate": "2022-03-26T01:12:02Z",
      "id": 1086745,
      "authorEmailAddress": "subbalakshmi.bollapragada@adp.com",
      "authorDisplayName": "Subbalakshmi Bollapragada",
      "authorUpn": "BollaprS@ES.AD.ADP.com",
      "siteId": 438571,
      "title": "Scope of Automation",
      "url": "https://adpworks.adp.com/redir/1086745",
      "datePublished": "2022-03-16T16:10:28Z",
      "content": "<p>This is with regards to the COS HRSS process improvement idea.</p>\n<p>Today, we do approvals for certain clients in HRSS process.</p>\n<p>These transactions/requests comes through message center from clients.</p>\n<p>Its a Vantage application what we use to do these approvals.</p>",
      "tags": null,
      "categories": null,
      "topics": ["Vantage", "ModernizeNASIndia", "Voice of NAS"],
      "stage": "Active",
      "voteCount": 0,
      "socialCommentCount": 0,
      "score": 0,
      "views": 5,
      "type": "idea",
      "legacyId": null
    },
    {
      "lastActivityDate": "2022-03-14T19:13:48Z",
      "id": 1085618,
      "authorEmailAddress": "arijit.sen@adp.com",
      "authorDisplayName": "Arijit Sen",
      "authorUpn": "SenAriji@ES.AD.ADP.com",
      "siteId": 438571,
      "title": "Text notification on PS/PI scheduled candidates.",
      "url": "https://adpworks.adp.com/redir/1085618",
      "datePublished": "2022-03-11T21:33:33Z",
      "content": "<p>Business Case: <br>Over the past one month we are noticing an increasing number of PS no show on the Trimark account. In order to avoid this from happening, we can setup a rule on RM where we can send a reminder text message to the candidate ahead of their scheduled PS time, so that the candidate is aware of the upcoming PI/PS and make necessary arrangement so that the event is not missed. This text message can be triggered can be a couple of hours before the scheduled time or even a day before the scheduled time. With this idea not only we will see a reduction in the number of PS/PI misses, but we will also be looking at better number of candidates being slated before the HM. </p>",
      "tags": null,
      "categories": null,
      "topics": ["Voice of NAS", "ModernizeNASIndia"],
      "stage": "Active",
      "voteCount": 0,
      "socialCommentCount": 0,
      "score": 0,
      "views": 1,
      "type": "idea",
      "legacyId": null
    },
    {
      "lastActivityDate": "2022-03-14T19:06:06Z",
      "id": 1084773,
      "authorEmailAddress": "perugu.nitish@adp.com",
      "authorDisplayName": "Perugu Nitish",
      "authorUpn": "Nitishpe@ES.AD.ADP.COM",
      "siteId": 438571,
      "title": "NAS WFN End-to-End Implementation",
      "url": "https://adpworks.adp.com/redir/1084773",
      "datePublished": "2022-03-09T10:17:59Z",
      "content": "<table style=\"width: 664px;\" border=\"0\" width=\"365\" height=\"95\">\n<tbody>\n<tr>\n<td style=\"width: 660px;\">Establish End-to-End intact team to support WFN Implementation for New Logo clients with &lt;3k employees' segment</td>\n</tr>\n</tbody>\n</table>",
      "tags": null,
      "categories": null,
      "topics": ["ModernizeNASIndia", "Voice of NAS"],
      "stage": "Active",
      "voteCount": 0,
      "socialCommentCount": 0,
      "score": 0,
      "views": 29,
      "type": "idea",
      "legacyId": null
    },
    {
      "lastActivityDate": "2022-06-15T19:16:26Z",
      "id": 1084653,
      "authorEmailAddress": "natalie.graham@adp.com",
      "authorDisplayName": "Natalie Graham",
      "authorUpn": "GrahamN@ES.AD.ADP.COM",
      "siteId": 438571,
      "title": "Terminated EE in MYADP.  Allow admins to continue to access.",
      "url": "https://adpworks.adp.com/redir/1084653",
      "datePublished": "2022-03-08T19:18:47Z",
      "content": "<p>MyADP doesn't allow admininstrators to update information that needs to be corrected once the EE is terminated.  There are times that the information for a terminated employee needs updated.  The only way we can update the information with MyADP is to undo the termination in benefits.  Change the employee security access and then make the change, reload the termination and then update the security again.</p>\n<p>Client requests require Terminated employee corrections such as the dependent information being updated, or if a termination had incorrect information and the AE event needs reconfirmed.  We have to undo and change the security to update this.  Would be less steps and quicker if admin's were still able to access the termed EE in MyADP</p>",
      "tags": null,
      "categories": null,
      "topics": ["NAS HR/Payroll", "Voice of NAS"],
      "stage": "Active",
      "voteCount": 13,
      "socialCommentCount": 0,
      "score": 13,
      "views": 39,
      "type": "idea",
      "legacyId": null
    },
    {
      "lastActivityDate": "2022-03-14T18:56:27Z",
      "id": 1084622,
      "authorEmailAddress": "atoshi.chakraborty@adp.com",
      "authorDisplayName": "Atoshi Chakraborty",
      "authorUpn": "ChakrabA@ES.AD.ADP.com",
      "siteId": 438571,
      "title": "Payforce to WFN ADPR Migration Tool",
      "url": "https://adpworks.adp.com/redir/1084622",
      "datePublished": "2022-03-08T18:03:18Z",
      "content": "<p>Due to different Table/Data structure between these 2 systems; there is no defined migration Tool which can migrate Payforce ADPRs to WFN ADPRs. For client it is a pain area because they are not able to see their reports once migrating to WFN. Migration team develop high priority reports manually in WFN system which consists of 5-10 % or even less number of total reports client has in Legacy system. </p>\n<p> </p>\n<p>We are working in collaboration with GPT team to develop the Migration Tool which can take care of atleast 50-60% of clients ADPR report Migration. </p>",
      "tags": null,
      "categories": null,
      "topics": [
        "National Accounts (NAS)",
        "Voice of NAS",
        "ModernizeNASIndia"
      ],
      "stage": "Active",
      "voteCount": 0,
      "socialCommentCount": 0,
      "score": 0,
      "views": 10,
      "type": "idea",
      "legacyId": null
    },
    {
      "lastActivityDate": "2022-03-14T18:53:55Z",
      "id": 1084528,
      "authorEmailAddress": "atoshi.chakraborty@adp.com",
      "authorDisplayName": "Atoshi Chakraborty",
      "authorUpn": "ChakrabA@ES.AD.ADP.com",
      "siteId": 438571,
      "title": "Payforce to WFN Migration Tool",
      "url": "https://adpworks.adp.com/redir/1084528",
      "datePublished": "2022-03-08T14:28:04Z",
      "content": "<p>Streamlined Payforce to WFN Migration process with following objectives :-  </p>\n<ul>\n<li>the re-use of company codes and IDs</li>\n<li>the re-use of Netsecure registrations for employees</li>\n<li>no dual maintenance period for the client while processing in both systems (it is a cut over)</li>\n<li>full payroll testing in the WFN UAT</li>\n<li>the ability to update from the WFN UAT environment to the WFN Prod environment</li>\n<li>Lift and Shift client data including Employment History. </li>\n</ul>\n<p>This process mirrored the P2V program and truly stepped on the shoulders of that giant’s success. </p>",
      "tags": null,
      "categories": null,
      "topics": [
        "National Accounts (NAS)",
        "Voice of NAS",
        "ModernizeNASIndia"
      ],
      "stage": "Active",
      "voteCount": 0,
      "socialCommentCount": 0,
      "score": 0,
      "views": 24,
      "type": "idea",
      "legacyId": null
    },
    {
      "lastActivityDate": "2022-03-08T05:51:53Z",
      "id": 1083493,
      "authorEmailAddress": "jerry.simatos@adp.com",
      "authorDisplayName": "Jerry Simatos",
      "authorUpn": "simatosj@ES.AD.ADP.COM",
      "siteId": 438571,
      "title": "FieldCore - Search results",
      "url": "https://adpworks.adp.com/redir/1083493",
      "datePublished": "2022-03-03T18:46:51Z",
      "content": "<p>o Add Middle Initial (maybe even name, as so many of our employees go by that) and Suffix as standard<br>§                  We currently have (active or LOA) 3 Robert Adams’ and 18 cases of same first and last name (and sometime same middle initial), most of those are probably Senior and Junior<br>o Give the client the ability to customize.  For example, someone may want to remove the SSN and Pay Group columns and replace with phone and e-mail address.                </p>",
      "tags": null,
      "categories": null,
      "topics": ["NAS Benefits Administration", "Voice of NAS"],
      "stage": "Active",
      "voteCount": 0,
      "socialCommentCount": 0,
      "score": 0,
      "views": 3,
      "type": "idea",
      "legacyId": null
    },
    {
      "lastActivityDate": "2022-03-08T05:48:01Z",
      "id": 1083490,
      "authorEmailAddress": "jerry.simatos@adp.com",
      "authorDisplayName": "Jerry Simatos",
      "authorUpn": "simatosj@ES.AD.ADP.COM",
      "siteId": 438571,
      "title": "FieldCore - Event Confirmation Lock",
      "url": "https://adpworks.adp.com/redir/1083490",
      "datePublished": "2022-03-03T18:45:00Z",
      "content": "<p>Employees currently have 45 days to make elections. FieldCore is finding that employees are confirming their elections and those changes are appearing in payroll. Then the employee goes in and makes additional changes to their elections and the updates appear on the next payroll, resulting in FieldCore needed to request refunds from FSA/HSA vendors. Client would like to have the new hire event O2E window close upon initial election confirmation instead of at the end of 45 days.</p>",
      "tags": null,
      "categories": null,
      "topics": ["NAS Benefits Administration", "Voice of NAS"],
      "stage": "Active",
      "voteCount": 0,
      "socialCommentCount": 0,
      "score": 0,
      "views": 3,
      "type": "idea",
      "legacyId": null
    },
    {
      "lastActivityDate": "2022-03-08T05:47:02Z",
      "id": 1083489,
      "authorEmailAddress": "jerry.simatos@adp.com",
      "authorDisplayName": "Jerry Simatos",
      "authorUpn": "simatosj@ES.AD.ADP.COM",
      "siteId": 438571,
      "title": "FieldCore - EOI activities",
      "url": "https://adpworks.adp.com/redir/1083489",
      "datePublished": "2022-03-03T18:42:42Z",
      "content": "<p>Remove stock photo from EOI Activities page</p>",
      "tags": null,
      "categories": null,
      "topics": ["NAS Benefits Administration", "Voice of NAS"],
      "stage": "Active",
      "voteCount": 0,
      "socialCommentCount": 0,
      "score": 0,
      "views": 5,
      "type": "idea",
      "legacyId": null
    },
    {
      "lastActivityDate": "2022-03-29T18:36:33Z",
      "id": 1083222,
      "authorEmailAddress": "jerry.simatos@adp.com",
      "authorDisplayName": "Jerry Simatos",
      "authorUpn": "simatosj@ES.AD.ADP.COM",
      "siteId": 438571,
      "title": "MYADP text on Current Benefits Screen",
      "url": "https://adpworks.adp.com/redir/1083222",
      "datePublished": "2022-03-02T22:31:34Z",
      "content": "<table border=\"0\" width=\"568\">\n<tbody>\n<tr>\n<td rowspan=\"2\" width=\"568\">\n<table border=\"0\">\n<tbody>\n<tr>\n<td rowspan=\"2\" width=\"568\"><br><br><br><br><br>Client would like it to say \"This is how much your employer contributes to your benefits\"</td>\n</tr>\n</tbody>\n</table>\n</td>\n</tr>\n</tbody>\n</table>",
      "tags": null,
      "categories": null,
      "topics": ["NAS Benefits Administration", "Voice of NAS"],
      "stage": "Active",
      "voteCount": 1,
      "socialCommentCount": 1,
      "score": 1,
      "views": 5,
      "type": "idea",
      "legacyId": null
    },
    {
      "lastActivityDate": "2022-03-08T05:45:13Z",
      "id": 1083219,
      "authorEmailAddress": "jerry.simatos@adp.com",
      "authorDisplayName": "Jerry Simatos",
      "authorUpn": "simatosj@ES.AD.ADP.COM",
      "siteId": 438571,
      "title": "FieldCore - File Number Character Length",
      "url": "https://adpworks.adp.com/redir/1083219",
      "datePublished": "2022-03-02T22:29:40Z",
      "content": "<p>we use this field to search by GE SSO, which is 9 digits in File # instead of traditional 5 digit file #, and HWSE search holds only 6 .</p>",
      "tags": null,
      "categories": null,
      "topics": ["NAS Benefits Administration", "Voice of NAS"],
      "stage": "Active",
      "voteCount": 0,
      "socialCommentCount": 0,
      "score": 0,
      "views": 3,
      "type": "idea",
      "legacyId": null
    },
    {
      "lastActivityDate": "2022-03-08T20:11:08Z",
      "id": 1083199,
      "authorEmailAddress": "jerry.simatos@adp.com",
      "authorDisplayName": "Jerry Simatos",
      "authorUpn": "simatosj@ES.AD.ADP.COM",
      "siteId": 438571,
      "title": "System Time out",
      "url": "https://adpworks.adp.com/redir/1083199",
      "datePublished": "2022-03-02T22:10:54Z",
      "content": null,
      "tags": null,
      "categories": null,
      "topics": ["NAS Benefits Administration", "Voice of NAS"],
      "stage": "Active",
      "voteCount": 1,
      "socialCommentCount": 1,
      "score": 1,
      "views": 14,
      "type": "idea",
      "legacyId": null
    },
    {
      "lastActivityDate": "2022-04-15T13:02:31Z",
      "id": 1083192,
      "authorEmailAddress": "jerry.simatos@adp.com",
      "authorDisplayName": "Jerry Simatos",
      "authorUpn": "simatosj@ES.AD.ADP.COM",
      "siteId": 438571,
      "title": "Remove the need to select the “Environment”",
      "url": "https://adpworks.adp.com/redir/1083192",
      "datePublished": "2022-03-02T22:06:36Z",
      "content": null,
      "tags": null,
      "categories": null,
      "topics": ["NAS Benefits Administration", "Voice of NAS"],
      "stage": "Active",
      "voteCount": 1,
      "socialCommentCount": 0,
      "score": 1,
      "views": 4,
      "type": "idea",
      "legacyId": null
    },
    {
      "lastActivityDate": "2022-03-03T03:03:43Z",
      "id": 1082696,
      "authorEmailAddress": "pooja.diwana@adp.com",
      "authorDisplayName": "Aaira Shaikh",
      "authorUpn": "Diwanapo@ES.AD.ADP.com",
      "siteId": 438571,
      "title": "SuccessFactor to be updated with HM candidate data base and RTR to be updated with the offered/hired status.",
      "url": "https://adpworks.adp.com/redir/1082696",
      "datePublished": "2022-03-01T14:48:28Z",
      "content": "<p>Currently we are manually updating each resume in success fator from RTR that are supposed to go fro an HM interview.</p>\n<p> </p>\n<p>My plan is to automate the resume uploads and once the onsite team updates their note if the candidate was offered/hired/noshow/rejected the same should be updated on RTR.</p>",
      "tags": null,
      "categories": null,
      "topics": ["ModernizeNASIndia", "Voice of NAS"],
      "stage": "Active",
      "voteCount": 1,
      "socialCommentCount": 0,
      "score": 1,
      "views": 3,
      "type": "idea",
      "legacyId": null
    },
    {
      "lastActivityDate": "2022-03-03T02:56:37Z",
      "id": 1082175,
      "authorEmailAddress": "fareed.ashraf@adp.com",
      "authorDisplayName": "Fareed Ashraf",
      "authorUpn": "AshrafF@ES.AD.ADP.com",
      "siteId": 438571,
      "title": "Final Audit Elimination",
      "url": "https://adpworks.adp.com/redir/1082175",
      "datePublished": "2022-02-28T19:54:26Z",
      "content": "<p><u>Objective:</u> To build a robust Interface Management process by validating the processing procedure prior sending any data to the  client/vendor.</p>\n<p>Alignment of the resources to enhance the client experience.</p>\n<p><span style=\"text-decoration: underline;\">Current Process:</span></p>\n<ul>\n<li>With current post/final audit procedure, there is no scope to identify the error prior to the outbound file is getting transmitted.</li>\n<li>No scope to identify the processing error for inbound files, getting notification from MPS for incorrect load which is corrected by production or production support team.</li>\n<li>Currently auditing 7K audits in a month with rejection of 1% ( payroll &amp; non payroll impacting errors)</li>\n<li>70% rejection are related to BPM, Seibel &amp; Drive, which don’t have any payroll impact.</li>\n<li>1 FTE is currently owing the audit volume.</li>\n</ul>\n<p><u>Recommendation</u></p>\n<ul>\n<li>Eliminate the post/final audit for all the interfaces managed by Interface team.</li>\n<li>Continue to focus on the pre audit. Average 170 files on Wednesday with stringent SLA.</li>\n<li>This FTE can be utilized on other production tasks.</li>\n</ul>",
      "tags": null,
      "categories": null,
      "topics": ["ModernizeNASIndia", "Voice of NAS"],
      "stage": "Active",
      "voteCount": 1,
      "socialCommentCount": 0,
      "score": 1,
      "views": 18,
      "type": "idea",
      "legacyId": null
    },
    {
      "lastActivityDate": "2022-03-29T18:36:56Z",
      "id": 1082071,
      "authorEmailAddress": "jessical.lopez@adp.com",
      "authorDisplayName": "Jessica.L. Lopez",
      "authorUpn": "lopezj05@ES.AD.ADP.COM",
      "siteId": 438571,
      "title": "Vantage Address Updates are Effective Dated",
      "url": "https://adpworks.adp.com/redir/1082071",
      "datePublished": "2022-02-28T17:49:25Z",
      "content": "<p>Allow practitioners to update the effective date for an address change that drives the coverage effective date of a benefit area when someone moves to another state. </p>",
      "tags": null,
      "categories": null,
      "topics": ["Voice of NAS", "NAS HR/Payroll"],
      "stage": "Active",
      "voteCount": 2,
      "socialCommentCount": 0,
      "score": 2,
      "views": 4,
      "type": "idea",
      "legacyId": null
    }
  ]
}
